Date,Symbol,Price,Open,High,Low,Vol.,Change %,Sector,Name,Industry
"Aug 18, 2022",2222,39.50,39.75,39.90,39.50,3.21M,-0.75%,Energy,Saudi Aramco,"Oil, Gas & Consumable Fuels"
"Aug 17, 2022",2222,39.80,39.80,39.85,39.45,4.02M,0.00%,Energy,Saudi Aramco,"Oil, Gas & Consumable Fuels"
"Aug 16, 2022",2222,39.80,40.35,40.35,39.80,5.33M,-1.61%,Energy,Saudi Aramco,"Oil, Gas & Consumable Fuels"
"Aug 15, 2022",2222,40.45,40.40,40.45,39.85,5.04M,0.00%,Energy,Saudi Aramco,"Oil, Gas & Consumable Fuels"
"Aug 14, 2022",2222,40.45,40.80,41.10,40.30,7.95M,-0.86%,Energy,Saudi Aramco,"Oil, Gas & Consumable Fuels"
"Aug 11, 2022",2222,40.80,39.90,40.80,39.90,9.29M,2.38%,Energy,Saudi Aramco,"Oil, Gas & Consumable Fuels"
"Aug 10, 2022",2222,39.85,39.80,40.05,39.55,5.35M,0.13%,Energy,Saudi Aramco,"Oil, Gas & Consumable Fuels"
"Aug 09, 2022",2222,39.80,39.30,39.85,39.10,8.17M,1.27%,Energy,Saudi Aramco,"Oil, Gas & Consumable Fuels"
"Aug 08, 2022",2222,39.30,39.30,39.55,39.15,2.97M,0.13%,Energy,Saudi Aramco,"Oil, Gas & Consumable Fuels"
"Aug 07, 2022",2222,39.25,39.60,39.60,39.20,1.91M,-1.13%,Energy,Saudi Aramco,"Oil, Gas & Consumable Fuels"
"Aug 04, 2022",2222,39.70,39.70,39.85,39.60,2.93M,-0.38%,Energy,Saudi Aramco,"Oil, Gas & Consumable Fuels"
"Aug 03, 2022",2222,39.85,39.75,39.85,39.50,2.93M,0.00%,Energy,Saudi Aramco,"Oil, Gas & Consumable Fuels"
"Aug 02, 2022",2222,39.85,40.00,40.05,39.20,6.37M,-0.50%,Energy,Saudi Aramco,"Oil, Gas & Consumable Fuels"
"Aug 01, 2022",2222,40.05,39.75,40.10,39.70,9.01M,0.75%,Energy,Saudi Aramco,"Oil, Gas & Consumable Fuels"
"Jul 31, 2022",2222,39.75,39.70,40.05,39.70,5.62M,0.13%,Energy,Saudi Aramco,"Oil, Gas & Consumable Fuels"
"Jul 28, 2022",2222,39.70,39.95,40.05,39.70,11.12M,-0.13%,Energy,Saudi Aramco,"Oil, Gas & Consumable Fuels"
"Jul 27, 2022",2222,39.75,39.00,39.85,38.75,7.68M,2.45%,Energy,Saudi Aramco,"Oil, Gas & Consumable Fuels"
"Jul 26, 2022",2222,38.80,38.70,38.85,38.45,2.77M,0.52%,Energy,Saudi Aramco,"Oil, Gas & Consumable Fuels"
"Jul 25, 2022",2222,38.60,38.50,38.90,38.45,3.63M,-0.26%,Energy,Saudi Aramco,"Oil, Gas & Consumable Fuels"
"Jul 24, 2022",2222,38.70,38.50,38.80,38.25,1.88M,0.13%,Energy,Saudi Aramco,"Oil, Gas & Consumable Fuels"
"Jul 21, 2022",2222,38.65,38.95,38.95,38.60,3.02M,-0.64%,Energy,Saudi Aramco,"Oil, Gas & Consumable Fuels"
"Jul 20, 2022",2222,38.90,38.70,39.00,38.55,3.42M,0.39%,Energy,Saudi Aramco,"Oil, Gas & Consumable Fuels"
"Jul 19, 2022",2222,38.75,38.50,39.00,38.10,4.43M,0.65%,Energy,Saudi Aramco,"Oil, Gas & Consumable Fuels"
"Jul 18, 2022",2222,38.50,37.00,38.50,37.00,5.90M,4.19%,Energy,Saudi Aramco,"Oil, Gas & Consumable Fuels"
"Jul 17, 2022",2222,36.95,36.60,37.15,36.40,3.10M,1.93%,Energy,Saudi Aramco,"Oil, Gas & Consumable Fuels"
"Jul 14, 2022",2222,36.25,36.70,36.90,36.10,4.50M,-1.09%,Energy,Saudi Aramco,"Oil, Gas & Consumable Fuels"
"Jul 13, 2022",2222,36.65,37.50,37.60,36.65,9.11M,-3.43%,Energy,Saudi Aramco,"Oil, Gas & Consumable Fuels"
"Jul 06, 2022",2222,37.95,37.95,38.05,37.70,5.57M,-0.91%,Energy,Saudi Aramco,"Oil, Gas & Consumable Fuels"
"Jul 05, 2022",2222,38.30,38.15,38.40,38.00,2.40M,0.39%,Energy,Saudi Aramco,"Oil, Gas & Consumable Fuels"
"Jul 04, 2022",2222,38.15,38.50,38.50,37.90,3.60M,-1.29%,Energy,Saudi Aramco,"Oil, Gas & Consumable Fuels"
"Jul 03, 2022",2222,38.65,38.85,38.95,38.35,1.60M,-0.39%,Energy,Saudi Aramco,"Oil, Gas & Consumable Fuels"
"Jun 30, 2022",2222,38.80,39.20,39.20,38.75,7.68M,-1.02%,Energy,Saudi Aramco,"Oil, Gas & Consumable Fuels"
"Jun 29, 2022",2222,39.20,38.80,39.60,38.50,5.68M,0.90%,Energy,Saudi Aramco,"Oil, Gas & Consumable Fuels"
"Jun 28, 2022",2222,38.85,37.65,38.85,37.65,5.59M,3.32%,Energy,Saudi Aramco,"Oil, Gas & Consumable Fuels"
"Jun 27, 2022",2222,37.60,37.80,37.80,37.50,3.06M,-0.13%,Energy,Saudi Aramco,"Oil, Gas & Consumable Fuels"
"Jun 26, 2022",2222,37.65,37.55,37.85,37.55,2.97M,1.21%,Energy,Saudi Aramco,"Oil, Gas & Consumable Fuels"
"Jun 23, 2022",2222,37.20,37.25,37.60,37.10,4.61M,0.00%,Energy,Saudi Aramco,"Oil, Gas & Consumable Fuels"
"Jun 22, 2022",2222,37.20,37.60,37.60,37.00,4.33M,-0.80%,Energy,Saudi Aramco,"Oil, Gas & Consumable Fuels"
"Jun 21, 2022",2222,37.50,37.10,37.80,37.05,5.54M,1.63%,Energy,Saudi Aramco,"Oil, Gas & Consumable Fuels"
"Jun 20, 2022",2222,36.90,36.90,37.40,36.55,7.87M,-0.14%,Energy,Saudi Aramco,"Oil, Gas & Consumable Fuels"
"Jun 19, 2022",2222,36.95,38.05,38.10,36.95,8.42M,-4.03%,Energy,Saudi Aramco,"Oil, Gas & Consumable Fuels"
"Jun 16, 2022",2222,38.50,38.45,38.95,38.45,8.45M,0.13%,Energy,Saudi Aramco,"Oil, Gas & Consumable Fuels"
"Jun 15, 2022",2222,38.45,39.00,39.20,38.40,5.76M,-1.54%,Energy,Saudi Aramco,"Oil, Gas & Consumable Fuels"
"Jun 14, 2022",2222,39.05,39.40,39.60,38.60,5.92M,-0.89%,Energy,Saudi Aramco,"Oil, Gas & Consumable Fuels"
"Jun 13, 2022",2222,39.40,39.00,39.60,38.30,9.71M,0.51%,Energy,Saudi Aramco,"Oil, Gas & Consumable Fuels"
"Jun 12, 2022",2222,39.20,40.10,40.10,39.15,7.31M,-2.97%,Energy,Saudi Aramco,"Oil, Gas & Consumable Fuels"
"Jun 09, 2022",2222,40.40,40.65,40.80,40.15,5.25M,-0.49%,Energy,Saudi Aramco,"Oil, Gas & Consumable Fuels"
"Jun 08, 2022",2222,40.60,40.55,40.85,40.40,2.58M,0.25%,Energy,Saudi Aramco,"Oil, Gas & Consumable Fuels"
"Jun 07, 2022",2222,40.50,41.00,41.05,40.50,3.40M,-1.22%,Energy,Saudi Aramco,"Oil, Gas & Consumable Fuels"
"Jun 06, 2022",2222,41.00,40.70,41.05,40.70,4.94M,0.86%,Energy,Saudi Aramco,"Oil, Gas & Consumable Fuels"
"Jun 05, 2022",2222,40.65,40.30,40.75,40.30,4.21M,1.12%,Energy,Saudi Aramco,"Oil, Gas & Consumable Fuels"
"Jun 02, 2022",2222,40.20,41.00,41.00,40.20,6.19M,-2.07%,Energy,Saudi Aramco,"Oil, Gas & Consumable Fuels"
"Jun 01, 2022",2222,41.05,41.85,41.85,41.05,5.39M,-2.03%,Energy,Saudi Aramco,"Oil, Gas & Consumable Fuels"
"May 31, 2022",2222,41.90,41.80,42.00,41.25,32.69M,1.09%,Energy,Saudi Aramco,"Oil, Gas & Consumable Fuels"
"May 30, 2022",2222,41.45,41.35,41.75,41.20,10.65M,0.24%,Energy,Saudi Aramco,"Oil, Gas & Consumable Fuels"
"May 29, 2022",2222,41.35,41.10,41.50,41.10,7.46M,1.60%,Energy,Saudi Aramco,"Oil, Gas & Consumable Fuels"
"May 26, 2022",2222,40.70,41.10,41.45,40.45,7.29M,-0.73%,Energy,Saudi Aramco,"Oil, Gas & Consumable Fuels"
"May 25, 2022",2222,41.00,40.20,41.25,40.20,7.91M,2.12%,Energy,Saudi Aramco,"Oil, Gas & Consumable Fuels"
"May 24, 2022",2222,40.15,39.45,40.20,39.10,11.41M,1.65%,Energy,Saudi Aramco,"Oil, Gas & Consumable Fuels"
"May 23, 2022",2222,39.50,39.35,39.50,38.95,6.55M,0.77%,Energy,Saudi Aramco,"Oil, Gas & Consumable Fuels"
"May 22, 2022",2222,39.20,40.00,40.10,38.80,8.02M,-1.38%,Energy,Saudi Aramco,"Oil, Gas & Consumable Fuels"
"May 19, 2022",2222,39.75,40.05,40.25,39.50,12.12M,-2.33%,Energy,Saudi Aramco,"Oil, Gas & Consumable Fuels"
"May 18, 2022",2222,40.70,41.25,41.60,40.50,13.63M,-1.21%,Energy,Saudi Aramco,"Oil, Gas & Consumable Fuels"
"May 17, 2022",2222,41.20,42.50,42.50,40.55,17.04M,-3.06%,Energy,Saudi Aramco,"Oil, Gas & Consumable Fuels"
"May 16, 2022",2222,42.50,42.30,43.35,42.20,16.67M,0.35%,Energy,Saudi Aramco,"Oil, Gas & Consumable Fuels"
"May 15, 2022",2222,42.35,42.00,42.90,40.75,16.41M,4.22%,Energy,Saudi Aramco,"Oil, Gas & Consumable Fuels"
"May 12, 2022",2222,40.64,41.36,41.36,39.91,15.45M,-1.76%,Energy,Saudi Aramco,"Oil, Gas & Consumable Fuels"
"May 11, 2022",2222,41.36,41.64,41.95,41.36,8.11M,-0.98%,Energy,Saudi Aramco,"Oil, Gas & Consumable Fuels"
"May 10, 2022",2222,41.77,41.77,42.00,41.14,10.52M,0.00%,Energy,Saudi Aramco,"Oil, Gas & Consumable Fuels"
"May 09, 2022",2222,41.77,41.68,42.05,41.55,14.03M,0.22%,Energy,Saudi Aramco,"Oil, Gas & Consumable Fuels"
"May 08, 2022",2222,41.68,40.73,41.91,40.64,15.33M,2.12%,Energy,Saudi Aramco,"Oil, Gas & Consumable Fuels"
"Apr 28, 2022",2222,40.82,40.68,40.82,40.41,14.47M,1.24%,Energy,Saudi Aramco,"Oil, Gas & Consumable Fuels"
"Apr 27, 2022",2222,40.32,39.41,40.64,39.32,14.26M,2.31%,Energy,Saudi Aramco,"Oil, Gas & Consumable Fuels"
"Apr 26, 2022",2222,39.41,39.09,39.45,39.00,7.86M,1.05%,Energy,Saudi Aramco,"Oil, Gas & Consumable Fuels"
"Apr 25, 2022",2222,39.00,39.05,39.09,38.86,4.99M,-0.23%,Energy,Saudi Aramco,"Oil, Gas & Consumable Fuels"
"Apr 24, 2022",2222,39.09,39.00,39.09,38.86,3.25M,0.00%,Energy,Saudi Aramco,"Oil, Gas & Consumable Fuels"
"Apr 21, 2022",2222,39.09,39.45,39.59,39.00,8.16M,-0.92%,Energy,Saudi Aramco,"Oil, Gas & Consumable Fuels"
"Apr 20, 2022",2222,39.45,39.05,39.45,38.77,16.31M,2.12%,Energy,Saudi Aramco,"Oil, Gas & Consumable Fuels"
"Apr 19, 2022",2222,38.64,38.95,39.05,38.64,5.75M,-0.70%,Energy,Saudi Aramco,"Oil, Gas & Consumable Fuels"
"Apr 18, 2022",2222,38.91,38.82,39.00,38.77,2.22M,0.12%,Energy,Saudi Aramco,"Oil, Gas & Consumable Fuels"
"Apr 17, 2022",2222,38.86,39.00,39.00,38.82,2.84M,-0.58%,Energy,Saudi Aramco,"Oil, Gas & Consumable Fuels"
"Apr 14, 2022",2222,39.09,38.77,39.09,38.55,5.05M,0.82%,Energy,Saudi Aramco,"Oil, Gas & Consumable Fuels"
"Apr 13, 2022",2222,38.77,39.09,39.18,38.68,5.81M,-0.81%,Energy,Saudi Aramco,"Oil, Gas & Consumable Fuels"
"Apr 12, 2022",2222,39.09,38.82,39.68,38.77,11.37M,0.70%,Energy,Saudi Aramco,"Oil, Gas & Consumable Fuels"
"Apr 11, 2022",2222,38.82,38.86,39.09,38.73,4.62M,-0.23%,Energy,Saudi Aramco,"Oil, Gas & Consumable Fuels"
"Apr 10, 2022",2222,38.91,39.00,39.09,38.86,3.24M,-0.12%,Energy,Saudi Aramco,"Oil, Gas & Consumable Fuels"
"Apr 07, 2022",2222,38.95,39.05,39.05,38.77,4.23M,-0.35%,Energy,Saudi Aramco,"Oil, Gas & Consumable Fuels"
"Apr 06, 2022",2222,39.09,39.09,39.18,38.91,6.62M,0.00%,Energy,Saudi Aramco,"Oil, Gas & Consumable Fuels"
"Apr 05, 2022",2222,39.09,39.18,39.23,38.91,5.12M,0.00%,Energy,Saudi Aramco,"Oil, Gas & Consumable Fuels"
"Apr 04, 2022",2222,39.09,38.91,39.18,38.77,6.52M,0.23%,Energy,Saudi Aramco,"Oil, Gas & Consumable Fuels"
"Apr 03, 2022",2222,39.00,38.95,39.18,38.64,6.70M,-0.46%,Energy,Saudi Aramco,"Oil, Gas & Consumable Fuels"
"Mar 31, 2022",2222,39.18,37.91,39.18,37.55,12.96M,3.36%,Energy,Saudi Aramco,"Oil, Gas & Consumable Fuels"
"Mar 30, 2022",2222,37.91,38.09,38.18,37.50,4.64M,-0.48%,Energy,Saudi Aramco,"Oil, Gas & Consumable Fuels"
"Mar 29, 2022",2222,38.09,38.14,38.18,37.95,4.79M,-0.36%,Energy,Saudi Aramco,"Oil, Gas & Consumable Fuels"
"Mar 28, 2022",2222,38.23,38.00,38.32,37.77,7.34M,0.48%,Energy,Saudi Aramco,"Oil, Gas & Consumable Fuels"
"Mar 27, 2022",2222,38.05,38.50,38.64,37.77,11.48M,-1.76%,Energy,Saudi Aramco,"Oil, Gas & Consumable Fuels"
"Mar 24, 2022",2222,38.73,38.86,39.18,38.64,7.18M,0.00%,Energy,Saudi Aramco,"Oil, Gas & Consumable Fuels"
"Mar 23, 2022",2222,38.73,38.95,38.95,38.14,10.57M,-1.16%,Energy,Saudi Aramco,"Oil, Gas & Consumable Fuels"
"Mar 22, 2022",2222,39.18,39.27,39.27,38.68,10.18M,0.35%,Energy,Saudi Aramco,"Oil, Gas & Consumable Fuels"
"Mar 21, 2022",2222,39.05,39.73,39.73,38.82,17.85M,-0.69%,Energy,Saudi Aramco,"Oil, Gas & Consumable Fuels"
"Mar 20, 2022",2222,39.32,38.64,39.91,38.59,25.21M,3.35%,Energy,Saudi Aramco,"Oil, Gas & Consumable Fuels"
"Mar 17, 2022",2222,38.05,37.14,38.05,36.55,25.00M,2.07%,Energy,Saudi Aramco,"Oil, Gas & Consumable Fuels"
"Mar 16, 2022",2222,37.27,35.45,37.27,35.32,21.39M,5.81%,Energy,Saudi Aramco,"Oil, Gas & Consumable Fuels"
"Mar 15, 2022",2222,35.23,35.27,35.64,35.00,13.40M,-1.40%,Energy,Saudi Aramco,"Oil, Gas & Consumable Fuels"
"Mar 14, 2022",2222,35.73,36.18,36.77,35.73,26.51M,-1.63%,Energy,Saudi Aramco,"Oil, Gas & Consumable Fuels"
"Mar 13, 2022",2222,36.32,37.36,37.86,36.27,22.42M,-2.80%,Energy,Saudi Aramco,"Oil, Gas & Consumable Fuels"
"Mar 10, 2022",2222,37.36,38.73,38.95,37.00,41.32M,-5.08%,Energy,Saudi Aramco,"Oil, Gas & Consumable Fuels"
"Mar 09, 2022",2222,39.36,40.82,40.86,39.36,15.34M,-2.91%,Energy,Saudi Aramco,"Oil, Gas & Consumable Fuels"
"Mar 08, 2022",2222,40.55,40.91,41.09,39.36,26.69M,-0.45%,Energy,Saudi Aramco,"Oil, Gas & Consumable Fuels"
"Mar 07, 2022",2222,40.73,41.36,41.82,40.64,32.81M,0.45%,Energy,Saudi Aramco,"Oil, Gas & Consumable Fuels"
"Mar 06, 2022",2222,40.55,40.91,41.05,40.36,26.88M,0.68%,Energy,Saudi Aramco,"Oil, Gas & Consumable Fuels"
"Mar 03, 2022",2222,40.27,39.55,40.91,39.50,34.77M,2.90%,Energy,Saudi Aramco,"Oil, Gas & Consumable Fuels"
"Mar 02, 2022",2222,39.14,37.82,39.23,37.82,43.51M,3.86%,Energy,Saudi Aramco,"Oil, Gas & Consumable Fuels"
"Mar 01, 2022",2222,37.68,37.73,37.95,37.55,13.69M,-0.24%,Energy,Saudi Aramco,"Oil, Gas & Consumable Fuels"
"Feb 28, 2022",2222,37.77,37.27,37.77,37.05,27.07M,1.47%,Energy,Saudi Aramco,"Oil, Gas & Consumable Fuels"
"Feb 27, 2022",2222,37.23,37.59,38.14,36.68,27.16M,-0.97%,Energy,Saudi Aramco,"Oil, Gas & Consumable Fuels"
"Feb 24, 2022",2222,37.59,36.68,38.41,36.14,50.01M,1.97%,Energy,Saudi Aramco,"Oil, Gas & Consumable Fuels"
"Feb 23, 2022",2222,36.86,35.68,36.91,35.45,31.70M,3.31%,Energy,Saudi Aramco,"Oil, Gas & Consumable Fuels"
"Feb 21, 2022",2222,35.68,34.27,36.55,34.27,43.68M,4.11%,Energy,Saudi Aramco,"Oil, Gas & Consumable Fuels"
"Feb 20, 2022",2222,34.27,34.23,34.45,34.18,5.75M,-0.13%,Energy,Saudi Aramco,"Oil, Gas & Consumable Fuels"
"Feb 17, 2022",2222,34.32,34.32,34.45,34.09,10.57M,0.00%,Energy,Saudi Aramco,"Oil, Gas & Consumable Fuels"
"Feb 16, 2022",2222,34.32,33.91,34.32,33.82,9.15M,1.21%,Energy,Saudi Aramco,"Oil, Gas & Consumable Fuels"
"Feb 15, 2022",2222,33.91,33.82,34.09,33.82,6.33M,0.00%,Energy,Saudi Aramco,"Oil, Gas & Consumable Fuels"
"Feb 14, 2022",2222,33.91,33.68,33.91,33.55,4.57M,0.67%,Energy,Saudi Aramco,"Oil, Gas & Consumable Fuels"
"Feb 13, 2022",2222,33.68,33.95,34.09,33.55,6.72M,-0.67%,Energy,Saudi Aramco,"Oil, Gas & Consumable Fuels"
"Feb 10, 2022",2222,33.91,33.64,34.00,33.59,3.65M,0.40%,Energy,Saudi Aramco,"Oil, Gas & Consumable Fuels"
"Feb 09, 2022",2222,33.77,33.86,33.86,33.59,2.66M,-0.27%,Energy,Saudi Aramco,"Oil, Gas & Consumable Fuels"
"Feb 08, 2022",2222,33.86,33.68,34.14,33.68,5.76M,0.54%,Energy,Saudi Aramco,"Oil, Gas & Consumable Fuels"
"Feb 07, 2022",2222,33.68,33.45,33.68,33.27,4.40M,0.68%,Energy,Saudi Aramco,"Oil, Gas & Consumable Fuels"
"Feb 06, 2022",2222,33.45,33.18,33.50,33.18,3.38M,-0.27%,Energy,Saudi Aramco,"Oil, Gas & Consumable Fuels"
"Feb 03, 2022",2222,33.55,33.50,33.64,33.36,2.13M,0.41%,Energy,Saudi Aramco,"Oil, Gas & Consumable Fuels"
"Feb 02, 2022",2222,33.41,33.91,34.09,33.32,5.81M,-1.34%,Energy,Saudi Aramco,"Oil, Gas & Consumable Fuels"
"Feb 01, 2022",2222,33.86,34.05,34.09,33.73,4.26M,-0.27%,Energy,Saudi Aramco,"Oil, Gas & Consumable Fuels"
"Jan 31, 2022",2222,33.95,33.77,34.09,33.77,6.40M,0.54%,Energy,Saudi Aramco,"Oil, Gas & Consumable Fuels"
"Jan 30, 2022",2222,33.77,33.55,33.95,33.55,4.56M,0.68%,Energy,Saudi Aramco,"Oil, Gas & Consumable Fuels"
"Jan 27, 2022",2222,33.55,33.55,33.64,33.55,6.75M,0.00%,Energy,Saudi Aramco,"Oil, Gas & Consumable Fuels"
"Jan 26, 2022",2222,33.55,33.18,33.55,33.18,3.28M,0.82%,Energy,Saudi Aramco,"Oil, Gas & Consumable Fuels"
"Jan 25, 2022",2222,33.27,32.95,33.27,32.82,2.48M,0.83%,Energy,Saudi Aramco,"Oil, Gas & Consumable Fuels"
"Jan 24, 2022",2222,33.00,33.18,33.23,32.91,2.94M,-0.55%,Energy,Saudi Aramco,"Oil, Gas & Consumable Fuels"
"Jan 23, 2022",2222,33.18,33.41,33.41,33.09,2.03M,-0.95%,Energy,Saudi Aramco,"Oil, Gas & Consumable Fuels"
"Jan 20, 2022",2222,33.50,33.36,33.50,33.23,2.59M,0.41%,Energy,Saudi Aramco,"Oil, Gas & Consumable Fuels"
"Jan 19, 2022",2222,33.36,33.41,33.50,33.32,2.16M,-0.27%,Energy,Saudi Aramco,"Oil, Gas & Consumable Fuels"
"Jan 18, 2022",2222,33.45,33.55,33.64,33.41,3.13M,-0.27%,Energy,Saudi Aramco,"Oil, Gas & Consumable Fuels"
"Jan 17, 2022",2222,33.55,33.45,33.64,33.27,5.04M,0.41%,Energy,Saudi Aramco,"Oil, Gas & Consumable Fuels"
"Jan 16, 2022",2222,33.41,33.36,33.73,33.36,4.13M,0.14%,Energy,Saudi Aramco,"Oil, Gas & Consumable Fuels"
"Jan 13, 2022",2222,33.36,33.05,33.41,33.05,8.03M,0.96%,Energy,Saudi Aramco,"Oil, Gas & Consumable Fuels"
"Jan 12, 2022",2222,33.05,32.73,33.05,32.64,9.08M,0.97%,Energy,Saudi Aramco,"Oil, Gas & Consumable Fuels"
"Jan 11, 2022",2222,32.73,32.36,32.73,32.32,5.33M,0.98%,Energy,Saudi Aramco,"Oil, Gas & Consumable Fuels"
"Jan 10, 2022",2222,32.41,32.45,32.50,32.36,2.74M,-0.14%,Energy,Saudi Aramco,"Oil, Gas & Consumable Fuels"
"Jan 09, 2022",2222,32.45,32.27,32.45,32.27,3.77M,0.71%,Energy,Saudi Aramco,"Oil, Gas & Consumable Fuels"
"Jan 06, 2022",2222,32.23,32.36,32.41,32.23,3.49M,-0.84%,Energy,Saudi Aramco,"Oil, Gas & Consumable Fuels"
"Jan 05, 2022",2222,32.50,32.32,32.55,32.32,2.71M,0.42%,Energy,Saudi Aramco,"Oil, Gas & Consumable Fuels"
"Jan 04, 2022",2222,32.36,32.36,32.45,32.32,2.20M,-0.14%,Energy,Saudi Aramco,"Oil, Gas & Consumable Fuels"
"Jan 03, 2022",2222,32.41,32.27,32.55,32.27,3.10M,0.28%,Energy,Saudi Aramco,"Oil, Gas & Consumable Fuels"
"Jan 02, 2022",2222,32.32,32.50,32.50,32.32,2.40M,-0.70%,Energy,Saudi Aramco,"Oil, Gas & Consumable Fuels"
"Dec 30, 2021",2222,32.55,32.00,32.55,31.95,7.34M,1.70%,Energy,Saudi Aramco,"Oil, Gas & Consumable Fuels"
"Dec 29, 2021",2222,32.00,32.27,32.32,31.95,2.87M,-1.12%,Energy,Saudi Aramco,"Oil, Gas & Consumable Fuels"
"Dec 28, 2021",2222,32.36,32.27,32.36,32.23,3.02M,0.56%,Energy,Saudi Aramco,"Oil, Gas & Consumable Fuels"
"Dec 27, 2021",2222,32.18,32.27,32.27,32.14,2.31M,-0.28%,Energy,Saudi Aramco,"Oil, Gas & Consumable Fuels"
"Dec 26, 2021",2222,32.27,32.36,32.45,32.27,1.45M,-0.56%,Energy,Saudi Aramco,"Oil, Gas & Consumable Fuels"
"Dec 23, 2021",2222,32.45,32.14,32.45,32.14,3.03M,0.85%,Energy,Saudi Aramco,"Oil, Gas & Consumable Fuels"
"Dec 22, 2021",2222,32.18,32.18,32.41,32.14,3.30M,-0.14%,Energy,Saudi Aramco,"Oil, Gas & Consumable Fuels"
"Dec 21, 2021",2222,32.23,32.00,32.23,31.91,4.77M,0.57%,Energy,Saudi Aramco,"Oil, Gas & Consumable Fuels"
"Dec 20, 2021",2222,32.05,31.86,32.05,31.73,4.65M,0.57%,Energy,Saudi Aramco,"Oil, Gas & Consumable Fuels"
"Dec 19, 2021",2222,31.86,31.95,32.00,31.82,2.67M,-0.57%,Energy,Saudi Aramco,"Oil, Gas & Consumable Fuels"
"Dec 16, 2021",2222,32.05,31.86,32.09,31.86,8.85M,0.28%,Energy,Saudi Aramco,"Oil, Gas & Consumable Fuels"
"Dec 15, 2021",2222,31.95,31.77,31.95,31.68,4.29M,0.43%,Energy,Saudi Aramco,"Oil, Gas & Consumable Fuels"
"Dec 14, 2021",2222,31.82,31.68,31.82,31.59,3.27M,0.43%,Energy,Saudi Aramco,"Oil, Gas & Consumable Fuels"
"Dec 13, 2021",2222,31.68,31.64,31.82,31.59,5.27M,0.14%,Energy,Saudi Aramco,"Oil, Gas & Consumable Fuels"
"Dec 12, 2021",2222,31.64,31.64,31.68,31.41,4.44M,0.14%,Energy,Saudi Aramco,"Oil, Gas & Consumable Fuels"
"Dec 09, 2021",2222,31.59,31.91,31.95,31.50,11.28M,-0.86%,Energy,Saudi Aramco,"Oil, Gas & Consumable Fuels"
"Dec 08, 2021",2222,31.86,31.86,32.05,31.82,5.44M,0.00%,Energy,Saudi Aramco,"Oil, Gas & Consumable Fuels"
"Dec 07, 2021",2222,31.86,32.09,32.09,31.86,3.89M,0.14%,Energy,Saudi Aramco,"Oil, Gas & Consumable Fuels"
"Dec 06, 2021",2222,31.82,32.05,32.14,31.82,5.06M,-0.57%,Energy,Saudi Aramco,"Oil, Gas & Consumable Fuels"
"Dec 05, 2021",2222,32.00,31.82,32.09,31.82,3.78M,0.72%,Energy,Saudi Aramco,"Oil, Gas & Consumable Fuels"
"Dec 02, 2021",2222,31.77,31.77,31.86,31.59,5.82M,-0.14%,Energy,Saudi Aramco,"Oil, Gas & Consumable Fuels"
"Dec 01, 2021",2222,31.82,31.59,31.82,31.55,4.81M,1.01%,Energy,Saudi Aramco,"Oil, Gas & Consumable Fuels"
"Nov 30, 2021",2222,31.50,31.73,31.77,31.50,12.09M,-0.72%,Energy,Saudi Aramco,"Oil, Gas & Consumable Fuels"
"Nov 29, 2021",2222,31.73,31.77,31.95,31.73,6.39M,0.00%,Energy,Saudi Aramco,"Oil, Gas & Consumable Fuels"
"Nov 28, 2021",2222,31.73,31.82,31.82,31.59,7.71M,-1.97%,Energy,Saudi Aramco,"Oil, Gas & Consumable Fuels"
"Nov 25, 2021",2222,32.36,32.77,33.00,32.36,4.23M,-1.11%,Energy,Saudi Aramco,"Oil, Gas & Consumable Fuels"
"Nov 24, 2021",2222,32.73,32.95,32.95,32.73,2.97M,0.56%,Energy,Saudi Aramco,"Oil, Gas & Consumable Fuels"
"Nov 23, 2021",2222,32.55,32.14,33.00,31.95,6.49M,0.99%,Energy,Saudi Aramco,"Oil, Gas & Consumable Fuels"
"Nov 22, 2021",2222,32.23,32.73,32.86,32.00,6.34M,-1.80%,Energy,Saudi Aramco,"Oil, Gas & Consumable Fuels"
"Nov 21, 2021",2222,32.82,33.27,33.27,32.73,5.14M,-1.90%,Energy,Saudi Aramco,"Oil, Gas & Consumable Fuels"
"Nov 18, 2021",2222,33.45,33.64,33.64,33.27,4.10M,-0.67%,Energy,Saudi Aramco,"Oil, Gas & Consumable Fuels"
"Nov 17, 2021",2222,33.68,33.64,33.73,33.59,2.67M,-0.27%,Energy,Saudi Aramco,"Oil, Gas & Consumable Fuels"
"Nov 16, 2021",2222,33.77,33.82,33.91,33.64,4.04M,-0.27%,Energy,Saudi Aramco,"Oil, Gas & Consumable Fuels"
"Nov 15, 2021",2222,33.86,33.95,34.05,33.86,2.82M,-0.53%,Energy,Saudi Aramco,"Oil, Gas & Consumable Fuels"
"Nov 14, 2021",2222,34.05,34.09,34.14,34.00,1.80M,-0.27%,Energy,Saudi Aramco,"Oil, Gas & Consumable Fuels"
"Nov 11, 2021",2222,34.14,33.95,34.14,33.91,2.57M,0.40%,Energy,Saudi Aramco,"Oil, Gas & Consumable Fuels"
"Nov 10, 2021",2222,34.00,33.91,34.14,33.77,3.04M,0.27%,Energy,Saudi Aramco,"Oil, Gas & Consumable Fuels"
"Nov 09, 2021",2222,33.91,34.09,34.09,33.86,3.83M,-0.53%,Energy,Saudi Aramco,"Oil, Gas & Consumable Fuels"
"Nov 08, 2021",2222,34.09,34.14,34.23,34.05,5.70M,-0.27%,Energy,Saudi Aramco,"Oil, Gas & Consumable Fuels"
"Nov 07, 2021",2222,34.18,34.18,34.23,34.09,2.85M,-0.66%,Energy,Saudi Aramco,"Oil, Gas & Consumable Fuels"
"Nov 04, 2021",2222,34.41,34.14,34.41,34.09,3.70M,0.66%,Energy,Saudi Aramco,"Oil, Gas & Consumable Fuels"
"Nov 03, 2021",2222,34.18,34.41,34.41,34.14,3.50M,-0.79%,Energy,Saudi Aramco,"Oil, Gas & Consumable Fuels"
"Nov 02, 2021",2222,34.45,34.32,34.45,34.23,5.60M,0.40%,Energy,Saudi Aramco,"Oil, Gas & Consumable Fuels"
"Nov 01, 2021",2222,34.32,34.45,34.55,34.32,5.71M,-0.40%,Energy,Saudi Aramco,"Oil, Gas & Consumable Fuels"
"Oct 31, 2021",2222,34.45,34.45,34.82,34.36,10.00M,0.40%,Energy,Saudi Aramco,"Oil, Gas & Consumable Fuels"
"Oct 28, 2021",2222,34.32,34.18,34.36,34.05,9.17M,0.13%,Energy,Saudi Aramco,"Oil, Gas & Consumable Fuels"
"Oct 27, 2021",2222,34.27,33.95,34.55,33.95,13.38M,0.80%,Energy,Saudi Aramco,"Oil, Gas & Consumable Fuels"
"Oct 26, 2021",2222,34.00,34.00,34.09,33.91,8.66M,-0.13%,Energy,Saudi Aramco,"Oil, Gas & Consumable Fuels"
"Oct 25, 2021",2222,34.05,33.91,34.09,33.91,8.12M,0.13%,Energy,Saudi Aramco,"Oil, Gas & Consumable Fuels"
"Oct 24, 2021",2222,34.00,34.05,34.14,34.00,5.78M,-0.13%,Energy,Saudi Aramco,"Oil, Gas & Consumable Fuels"
"Oct 21, 2021",2222,34.05,33.91,34.18,33.86,7.20M,0.54%,Energy,Saudi Aramco,"Oil, Gas & Consumable Fuels"
"Oct 20, 2021",2222,33.86,33.95,34.05,33.73,5.77M,-0.53%,Energy,Saudi Aramco,"Oil, Gas & Consumable Fuels"
"Oct 19, 2021",2222,34.05,34.00,34.18,33.91,5.60M,0.13%,Energy,Saudi Aramco,"Oil, Gas & Consumable Fuels"
"Oct 18, 2021",2222,34.00,34.00,34.00,33.86,4.57M,0.00%,Energy,Saudi Aramco,"Oil, Gas & Consumable Fuels"
"Oct 17, 2021",2222,34.00,33.86,34.14,33.82,8.60M,0.27%,Energy,Saudi Aramco,"Oil, Gas & Consumable Fuels"
"Oct 14, 2021",2222,33.91,33.64,33.95,33.59,7.40M,0.81%,Energy,Saudi Aramco,"Oil, Gas & Consumable Fuels"
"Oct 13, 2021",2222,33.64,33.77,33.82,33.59,5.10M,-0.54%,Energy,Saudi Aramco,"Oil, Gas & Consumable Fuels"
"Oct 12, 2021",2222,33.82,33.64,34.05,33.50,11.14M,0.54%,Energy,Saudi Aramco,"Oil, Gas & Consumable Fuels"
"Oct 11, 2021",2222,33.64,33.59,33.91,33.32,10.23M,0.14%,Energy,Saudi Aramco,"Oil, Gas & Consumable Fuels"
"Oct 10, 2021",2222,33.59,33.86,33.95,33.32,6.91M,-0.54%,Energy,Saudi Aramco,"Oil, Gas & Consumable Fuels"
"Oct 07, 2021",2222,33.77,33.95,34.27,33.64,7.93M,-0.40%,Energy,Saudi Aramco,"Oil, Gas & Consumable Fuels"
"Oct 06, 2021",2222,33.91,33.68,34.55,33.68,33.17M,0.67%,Energy,Saudi Aramco,"Oil, Gas & Consumable Fuels"
"Oct 05, 2021",2222,33.68,33.18,33.82,33.14,22.23M,1.79%,Energy,Saudi Aramco,"Oil, Gas & Consumable Fuels"
"Oct 04, 2021",2222,33.09,32.73,33.36,32.64,14.47M,0.97%,Energy,Saudi Aramco,"Oil, Gas & Consumable Fuels"
"Oct 03, 2021",2222,32.77,32.64,32.77,32.59,4.96M,0.14%,Energy,Saudi Aramco,"Oil, Gas & Consumable Fuels"
"Sep 30, 2021",2222,32.73,32.68,32.82,32.45,9.50M,0.00%,Energy,Saudi Aramco,"Oil, Gas & Consumable Fuels"
"Sep 29, 2021",2222,32.73,32.82,33.14,32.55,15.00M,-0.96%,Energy,Saudi Aramco,"Oil, Gas & Consumable Fuels"
"Sep 28, 2021",2222,33.05,31.95,33.23,31.86,34.66M,3.56%,Energy,Saudi Aramco,"Oil, Gas & Consumable Fuels"
"Sep 27, 2021",2222,31.91,31.91,32.00,31.86,6.82M,0.00%,Energy,Saudi Aramco,"Oil, Gas & Consumable Fuels"
"Sep 26, 2021",2222,31.91,31.82,31.95,31.77,8.76M,0.43%,Energy,Saudi Aramco,"Oil, Gas & Consumable Fuels"
"Sep 22, 2021",2222,31.77,31.73,31.82,31.73,2.68M,0.14%,Energy,Saudi Aramco,"Oil, Gas & Consumable Fuels"
"Sep 21, 2021",2222,31.73,31.73,31.82,31.73,4.98M,-0.29%,Energy,Saudi Aramco,"Oil, Gas & Consumable Fuels"
"Sep 20, 2021",2222,31.82,31.77,31.82,31.73,4.87M,0.00%,Energy,Saudi Aramco,"Oil, Gas & Consumable Fuels"
"Sep 19, 2021",2222,31.82,31.91,31.95,31.73,8.10M,-0.43%,Energy,Saudi Aramco,"Oil, Gas & Consumable Fuels"
"Sep 16, 2021",2222,31.95,31.95,32.05,31.86,11.75M,0.00%,Energy,Saudi Aramco,"Oil, Gas & Consumable Fuels"
"Sep 15, 2021",2222,31.95,31.82,31.95,31.82,8.43M,0.57%,Energy,Saudi Aramco,"Oil, Gas & Consumable Fuels"
"Sep 14, 2021",2222,31.77,31.77,31.86,31.77,4.54M,-0.29%,Energy,Saudi Aramco,"Oil, Gas & Consumable Fuels"
"Sep 13, 2021",2222,31.86,31.77,31.86,31.73,4.17M,0.29%,Energy,Saudi Aramco,"Oil, Gas & Consumable Fuels"
"Sep 12, 2021",2222,31.77,31.82,31.86,31.77,2.49M,0.00%,Energy,Saudi Aramco,"Oil, Gas & Consumable Fuels"
"Sep 09, 2021",2222,31.77,31.82,31.86,31.77,4.37M,-0.43%,Energy,Saudi Aramco,"Oil, Gas & Consumable Fuels"
"Sep 08, 2021",2222,31.91,31.86,31.91,31.82,4.50M,0.00%,Energy,Saudi Aramco,"Oil, Gas & Consumable Fuels"
"Sep 07, 2021",2222,31.91,31.82,31.91,31.82,1.83M,0.00%,Energy,Saudi Aramco,"Oil, Gas & Consumable Fuels"
"Sep 06, 2021",2222,31.91,31.86,31.91,31.82,3.24M,0.00%,Energy,Saudi Aramco,"Oil, Gas & Consumable Fuels"
"Sep 05, 2021",2222,31.91,31.82,31.95,31.82,3.22M,0.00%,Energy,Saudi Aramco,"Oil, Gas & Consumable Fuels"
"Sep 02, 2021",2222,31.91,31.82,31.91,31.77,2.47M,0.29%,Energy,Saudi Aramco,"Oil, Gas & Consumable Fuels"
"Sep 01, 2021",2222,31.82,31.86,31.91,31.82,3.25M,-0.43%,Energy,Saudi Aramco,"Oil, Gas & Consumable Fuels"
"Aug 31, 2021",2222,31.95,31.73,31.95,31.73,8.25M,0.29%,Energy,Saudi Aramco,"Oil, Gas & Consumable Fuels"
"Aug 30, 2021",2222,31.86,31.73,31.86,31.59,5.13M,0.43%,Energy,Saudi Aramco,"Oil, Gas & Consumable Fuels"
"Aug 29, 2021",2222,31.73,31.59,31.77,31.59,1.90M,0.14%,Energy,Saudi Aramco,"Oil, Gas & Consumable Fuels"
"Aug 26, 2021",2222,31.68,31.64,31.68,31.55,1.75M,0.14%,Energy,Saudi Aramco,"Oil, Gas & Consumable Fuels"
"Aug 25, 2021",2222,31.64,31.59,31.68,31.55,2.25M,0.00%,Energy,Saudi Aramco,"Oil, Gas & Consumable Fuels"
"Aug 24, 2021",2222,31.64,31.45,31.64,31.45,2.74M,0.87%,Energy,Saudi Aramco,"Oil, Gas & Consumable Fuels"
"Aug 23, 2021",2222,31.36,31.73,31.77,31.36,4.87M,-1.15%,Energy,Saudi Aramco,"Oil, Gas & Consumable Fuels"
"Aug 22, 2021",2222,31.73,31.77,31.77,31.64,2.29M,-0.14%,Energy,Saudi Aramco,"Oil, Gas & Consumable Fuels"
"Aug 19, 2021",2222,31.77,31.86,31.95,31.64,4.98M,-0.29%,Energy,Saudi Aramco,"Oil, Gas & Consumable Fuels"
"Aug 18, 2021",2222,31.86,31.95,32.05,31.86,4.43M,-0.57%,Energy,Saudi Aramco,"Oil, Gas & Consumable Fuels"
"Aug 17, 2021",2222,32.05,31.82,32.05,31.77,10.48M,0.71%,Energy,Saudi Aramco,"Oil, Gas & Consumable Fuels"
"Aug 16, 2021",2222,31.82,31.91,31.91,31.77,7.55M,-0.99%,Energy,Saudi Aramco,"Oil, Gas & Consumable Fuels"
"Aug 15, 2021",2222,32.14,31.95,32.18,31.95,7.43M,0.43%,Energy,Saudi Aramco,"Oil, Gas & Consumable Fuels"
"Aug 12, 2021",2222,32.00,32.05,32.05,31.95,4.78M,-0.14%,Energy,Saudi Aramco,"Oil, Gas & Consumable Fuels"
"Aug 11, 2021",2222,32.05,31.95,32.05,31.91,6.82M,0.28%,Energy,Saudi Aramco,"Oil, Gas & Consumable Fuels"
"Aug 10, 2021",2222,31.95,31.91,32.00,31.86,4.56M,0.00%,Energy,Saudi Aramco,"Oil, Gas & Consumable Fuels"
"Aug 09, 2021",2222,31.95,31.91,32.00,31.86,5.27M,0.00%,Energy,Saudi Aramco,"Oil, Gas & Consumable Fuels"
"Aug 08, 2021",2222,31.95,31.82,32.05,31.77,8.14M,0.29%,Energy,Saudi Aramco,"Oil, Gas & Consumable Fuels"
"Aug 05, 2021",2222,31.86,31.77,31.91,31.68,4.36M,0.29%,Energy,Saudi Aramco,"Oil, Gas & Consumable Fuels"
"Aug 04, 2021",2222,31.77,31.82,31.91,31.73,4.71M,-0.43%,Energy,Saudi Aramco,"Oil, Gas & Consumable Fuels"
"Aug 03, 2021",2222,31.91,31.77,31.91,31.68,6.39M,0.43%,Energy,Saudi Aramco,"Oil, Gas & Consumable Fuels"
"Aug 02, 2021",2222,31.77,31.59,31.91,31.59,9.86M,0.43%,Energy,Saudi Aramco,"Oil, Gas & Consumable Fuels"
"Aug 01, 2021",2222,31.64,31.64,31.73,31.59,4.05M,-0.14%,Energy,Saudi Aramco,"Oil, Gas & Consumable Fuels"
"Jul 29, 2021",2222,31.68,31.68,31.73,31.55,6.26M,-0.14%,Energy,Saudi Aramco,"Oil, Gas & Consumable Fuels"
"Jul 28, 2021",2222,31.73,31.55,31.73,31.55,3.43M,0.58%,Energy,Saudi Aramco,"Oil, Gas & Consumable Fuels"
"Jul 27, 2021",2222,31.55,31.59,31.64,31.55,4.51M,-0.14%,Energy,Saudi Aramco,"Oil, Gas & Consumable Fuels"
"Jul 26, 2021",2222,31.59,31.73,31.77,31.59,2.92M,-0.43%,Energy,Saudi Aramco,"Oil, Gas & Consumable Fuels"
"Jul 25, 2021",2222,31.73,31.73,31.82,31.64,6.87M,0.00%,Energy,Saudi Aramco,"Oil, Gas & Consumable Fuels"
"Jul 15, 2021",2222,31.73,31.73,31.82,31.64,5.23M,-0.29%,Energy,Saudi Aramco,"Oil, Gas & Consumable Fuels"
"Jul 14, 2021",2222,31.82,31.55,31.82,31.55,4.59M,0.72%,Energy,Saudi Aramco,"Oil, Gas & Consumable Fuels"
"Jul 13, 2021",2222,31.59,31.45,31.73,31.41,4.63M,0.58%,Energy,Saudi Aramco,"Oil, Gas & Consumable Fuels"
"Jul 12, 2021",2222,31.41,31.45,31.59,31.27,5.46M,-0.14%,Energy,Saudi Aramco,"Oil, Gas & Consumable Fuels"
"Jul 11, 2021",2222,31.45,31.68,31.73,31.45,4.61M,-0.72%,Energy,Saudi Aramco,"Oil, Gas & Consumable Fuels"
"Jul 08, 2021",2222,31.68,31.68,31.77,31.64,5.34M,-0.29%,Energy,Saudi Aramco,"Oil, Gas & Consumable Fuels"
"Jul 07, 2021",2222,31.77,31.73,31.82,31.64,6.50M,0.00%,Energy,Saudi Aramco,"Oil, Gas & Consumable Fuels"
"Jul 06, 2021",2222,31.77,31.77,31.82,31.68,4.32M,0.00%,Energy,Saudi Aramco,"Oil, Gas & Consumable Fuels"
"Jul 05, 2021",2222,31.77,31.82,31.86,31.73,5.36M,-0.29%,Energy,Saudi Aramco,"Oil, Gas & Consumable Fuels"
"Jul 04, 2021",2222,31.86,31.82,31.95,31.82,8.34M,0.14%,Energy,Saudi Aramco,"Oil, Gas & Consumable Fuels"
"Jul 01, 2021",2222,31.82,31.91,31.91,31.82,5.45M,-0.28%,Energy,Saudi Aramco,"Oil, Gas & Consumable Fuels"
"Jun 30, 2021",2222,31.91,32.00,32.05,31.82,14.45M,-0.57%,Energy,Saudi Aramco,"Oil, Gas & Consumable Fuels"
"Jun 29, 2021",2222,32.09,31.91,32.09,31.82,8.01M,0.57%,Energy,Saudi Aramco,"Oil, Gas & Consumable Fuels"
"Jun 28, 2021",2222,31.91,31.95,31.95,31.86,5.65M,-0.14%,Energy,Saudi Aramco,"Oil, Gas & Consumable Fuels"
"Jun 27, 2021",2222,31.95,32.00,32.00,31.91,7.02M,0.00%,Energy,Saudi Aramco,"Oil, Gas & Consumable Fuels"
"Jun 24, 2021",2222,31.95,32.00,32.05,31.95,5.35M,-0.14%,Energy,Saudi Aramco,"Oil, Gas & Consumable Fuels"
"Jun 23, 2021",2222,32.00,32.09,32.09,32.00,4.48M,-0.28%,Energy,Saudi Aramco,"Oil, Gas & Consumable Fuels"
"Jun 22, 2021",2222,32.09,32.09,32.14,32.05,8.81M,0.00%,Energy,Saudi Aramco,"Oil, Gas & Consumable Fuels"
"Jun 21, 2021",2222,32.09,32.05,32.14,32.05,3.79M,0.00%,Energy,Saudi Aramco,"Oil, Gas & Consumable Fuels"
"Jun 20, 2021",2222,32.09,32.09,32.14,32.05,4.25M,0.14%,Energy,Saudi Aramco,"Oil, Gas & Consumable Fuels"
"Jun 17, 2021",2222,32.05,32.09,32.18,32.05,13.39M,-0.14%,Energy,Saudi Aramco,"Oil, Gas & Consumable Fuels"
"Jun 16, 2021",2222,32.09,32.09,32.18,32.05,4.01M,0.00%,Energy,Saudi Aramco,"Oil, Gas & Consumable Fuels"
"Jun 15, 2021",2222,32.09,32.09,32.14,32.00,5.57M,0.00%,Energy,Saudi Aramco,"Oil, Gas & Consumable Fuels"
"Jun 14, 2021",2222,32.09,32.14,32.18,32.05,6.04M,-0.28%,Energy,Saudi Aramco,"Oil, Gas & Consumable Fuels"
"Jun 13, 2021",2222,32.18,32.18,32.23,32.09,7.28M,0.00%,Energy,Saudi Aramco,"Oil, Gas & Consumable Fuels"
"Jun 10, 2021",2222,32.18,32.18,32.23,32.09,10.83M,0.00%,Energy,Saudi Aramco,"Oil, Gas & Consumable Fuels"
"Jun 09, 2021",2222,32.18,32.18,32.23,32.14,8.54M,0.00%,Energy,Saudi Aramco,"Oil, Gas & Consumable Fuels"
"Jun 08, 2021",2222,32.18,32.18,32.23,32.09,5.37M,-0.14%,Energy,Saudi Aramco,"Oil, Gas & Consumable Fuels"
"Jun 07, 2021",2222,32.23,32.18,32.23,32.14,4.46M,0.14%,Energy,Saudi Aramco,"Oil, Gas & Consumable Fuels"
"Jun 06, 2021",2222,32.18,32.18,32.23,32.14,6.42M,0.14%,Energy,Saudi Aramco,"Oil, Gas & Consumable Fuels"
"Jun 03, 2021",2222,32.14,32.18,32.23,32.09,5.01M,-0.14%,Energy,Saudi Aramco,"Oil, Gas & Consumable Fuels"
"Jun 02, 2021",2222,32.18,32.18,32.23,32.09,4.11M,0.00%,Energy,Saudi Aramco,"Oil, Gas & Consumable Fuels"
"Jun 01, 2021",2222,32.18,32.09,32.27,32.09,4.91M,0.28%,Energy,Saudi Aramco,"Oil, Gas & Consumable Fuels"
"May 31, 2021",2222,32.09,32.09,32.09,32.00,3.14M,0.00%,Energy,Saudi Aramco,"Oil, Gas & Consumable Fuels"
"May 30, 2021",2222,32.09,32.05,32.09,32.00,3.81M,0.14%,Energy,Saudi Aramco,"Oil, Gas & Consumable Fuels"
"May 27, 2021",2222,32.05,32.09,32.18,32.05,10.34M,-0.14%,Energy,Saudi Aramco,"Oil, Gas & Consumable Fuels"
"May 26, 2021",2222,32.09,32.18,32.18,32.09,5.06M,-0.28%,Energy,Saudi Aramco,"Oil, Gas & Consumable Fuels"
"May 25, 2021",2222,32.18,32.14,32.23,32.09,7.54M,0.14%,Energy,Saudi Aramco,"Oil, Gas & Consumable Fuels"
"May 24, 2021",2222,32.14,32.23,32.23,32.14,3.17M,-0.28%,Energy,Saudi Aramco,"Oil, Gas & Consumable Fuels"
"May 23, 2021",2222,32.23,32.18,32.23,32.14,3.29M,0.00%,Energy,Saudi Aramco,"Oil, Gas & Consumable Fuels"
"May 20, 2021",2222,32.23,32.23,32.27,32.18,5.13M,0.00%,Energy,Saudi Aramco,"Oil, Gas & Consumable Fuels"
"May 19, 2021",2222,32.23,32.27,32.32,32.18,2.38M,-0.28%,Energy,Saudi Aramco,"Oil, Gas & Consumable Fuels"
"May 18, 2021",2222,32.32,32.32,32.36,32.23,3.90M,0.00%,Energy,Saudi Aramco,"Oil, Gas & Consumable Fuels"
"May 17, 2021",2222,32.32,32.27,32.32,32.18,7.39M,-0.70%,Energy,Saudi Aramco,"Oil, Gas & Consumable Fuels"
"May 10, 2021",2222,32.55,32.41,32.59,32.41,6.90M,0.28%,Energy,Saudi Aramco,"Oil, Gas & Consumable Fuels"
"May 09, 2021",2222,32.45,32.41,32.45,32.36,3.77M,0.14%,Energy,Saudi Aramco,"Oil, Gas & Consumable Fuels"
"May 06, 2021",2222,32.41,32.41,32.45,32.32,5.77M,0.00%,Energy,Saudi Aramco,"Oil, Gas & Consumable Fuels"
"May 05, 2021",2222,32.41,32.41,32.50,32.36,5.02M,0.00%,Energy,Saudi Aramco,"Oil, Gas & Consumable Fuels"
"May 04, 2021",2222,32.41,32.36,32.45,32.27,6.89M,0.71%,Energy,Saudi Aramco,"Oil, Gas & Consumable Fuels"
"May 03, 2021",2222,32.18,32.23,32.27,32.14,3.41M,-0.14%,Energy,Saudi Aramco,"Oil, Gas & Consumable Fuels"
"May 02, 2021",2222,32.23,32.18,32.27,32.09,4.50M,0.14%,Energy,Saudi Aramco,"Oil, Gas & Consumable Fuels"
"Apr 29, 2021",2222,32.18,32.41,32.50,32.18,8.16M,-1.12%,Energy,Saudi Aramco,"Oil, Gas & Consumable Fuels"
"Apr 28, 2021",2222,32.55,32.32,32.77,32.27,22.75M,1.13%,Energy,Saudi Aramco,"Oil, Gas & Consumable Fuels"
"Apr 27, 2021",2222,32.18,32.09,32.18,32.05,4.12M,0.00%,Energy,Saudi Aramco,"Oil, Gas & Consumable Fuels"
"Apr 26, 2021",2222,32.18,32.09,32.18,32.09,3.03M,0.14%,Energy,Saudi Aramco,"Oil, Gas & Consumable Fuels"
"Apr 25, 2021",2222,32.14,32.18,32.27,32.09,2.54M,-0.14%,Energy,Saudi Aramco,"Oil, Gas & Consumable Fuels"
"Apr 22, 2021",2222,32.18,32.18,32.27,32.14,4.46M,0.00%,Energy,Saudi Aramco,"Oil, Gas & Consumable Fuels"
"Apr 21, 2021",2222,32.18,32.23,32.27,32.18,4.32M,-0.42%,Energy,Saudi Aramco,"Oil, Gas & Consumable Fuels"
"Apr 20, 2021",2222,32.32,32.27,32.32,32.23,3.50M,0.00%,Energy,Saudi Aramco,"Oil, Gas & Consumable Fuels"
"Apr 19, 2021",2222,32.32,32.32,32.32,32.23,4.80M,0.00%,Energy,Saudi Aramco,"Oil, Gas & Consumable Fuels"
"Apr 18, 2021",2222,32.32,32.27,32.41,32.27,3.68M,-0.14%,Energy,Saudi Aramco,"Oil, Gas & Consumable Fuels"
"Apr 15, 2021",2222,32.36,32.27,32.36,32.23,4.27M,0.00%,Energy,Saudi Aramco,"Oil, Gas & Consumable Fuels"
"Apr 14, 2021",2222,32.36,32.23,32.36,32.23,6.13M,0.42%,Energy,Saudi Aramco,"Oil, Gas & Consumable Fuels"
"Apr 13, 2021",2222,32.23,32.32,32.50,32.23,3.50M,-0.56%,Energy,Saudi Aramco,"Oil, Gas & Consumable Fuels"
"Apr 12, 2021",2222,32.41,32.32,32.50,32.27,5.21M,0.28%,Energy,Saudi Aramco,"Oil, Gas & Consumable Fuels"
"Apr 11, 2021",2222,32.32,32.32,32.45,32.32,3.47M,-0.14%,Energy,Saudi Aramco,"Oil, Gas & Consumable Fuels"
"Apr 08, 2021",2222,32.36,32.23,32.36,32.18,4.89M,0.42%,Energy,Saudi Aramco,"Oil, Gas & Consumable Fuels"
"Apr 07, 2021",2222,32.23,32.23,32.27,32.18,4.73M,0.00%,Energy,Saudi Aramco,"Oil, Gas & Consumable Fuels"
"Apr 06, 2021",2222,32.23,32.27,32.32,32.23,4.06M,-0.42%,Energy,Saudi Aramco,"Oil, Gas & Consumable Fuels"
"Apr 05, 2021",2222,32.36,32.23,32.36,32.18,3.27M,0.14%,Energy,Saudi Aramco,"Oil, Gas & Consumable Fuels"
"Apr 04, 2021",2222,32.32,32.23,32.41,32.14,3.75M,0.28%,Energy,Saudi Aramco,"Oil, Gas & Consumable Fuels"
"Apr 01, 2021",2222,32.23,32.50,32.55,32.23,4.52M,-1.53%,Energy,Saudi Aramco,"Oil, Gas & Consumable Fuels"
"Mar 31, 2021",2222,32.73,32.73,32.73,32.09,21.61M,2.71%,Energy,Saudi Aramco,"Oil, Gas & Consumable Fuels"
"Mar 30, 2021",2222,31.86,31.95,31.95,31.73,2.73M,-0.28%,Energy,Saudi Aramco,"Oil, Gas & Consumable Fuels"
"Mar 29, 2021",2222,31.95,31.50,31.95,31.41,3.33M,1.44%,Energy,Saudi Aramco,"Oil, Gas & Consumable Fuels"
"Mar 28, 2021",2222,31.50,31.55,31.64,31.45,2.72M,-0.43%,Energy,Saudi Aramco,"Oil, Gas & Consumable Fuels"
"Mar 25, 2021",2222,31.64,31.82,31.82,31.64,3.35M,-0.29%,Energy,Saudi Aramco,"Oil, Gas & Consumable Fuels"
"Mar 24, 2021",2222,31.73,31.82,31.82,31.68,2.61M,-0.57%,Energy,Saudi Aramco,"Oil, Gas & Consumable Fuels"
"Mar 23, 2021",2222,31.91,32.09,32.09,31.86,4.26M,-1.27%,Energy,Saudi Aramco,"Oil, Gas & Consumable Fuels"
"Mar 22, 2021",2222,32.32,32.18,32.36,32.09,4.19M,0.42%,Energy,Saudi Aramco,"Oil, Gas & Consumable Fuels"
"Mar 21, 2021",2222,32.18,31.86,32.23,31.82,3.65M,0.57%,Energy,Saudi Aramco,"Oil, Gas & Consumable Fuels"
"Mar 18, 2021",2222,32.00,32.23,32.41,32.00,7.85M,-0.85%,Energy,Saudi Aramco,"Oil, Gas & Consumable Fuels"
"Mar 17, 2021",2222,32.27,32.41,32.45,32.14,4.66M,-0.56%,Energy,Saudi Aramco,"Oil, Gas & Consumable Fuels"
"Mar 16, 2021",2222,32.45,32.50,32.59,32.36,5.72M,0.00%,Energy,Saudi Aramco,"Oil, Gas & Consumable Fuels"
"Mar 15, 2021",2222,32.45,32.50,32.64,32.45,4.38M,-0.28%,Energy,Saudi Aramco,"Oil, Gas & Consumable Fuels"
"Mar 14, 2021",2222,32.55,32.55,32.59,32.45,3.02M,-0.28%,Energy,Saudi Aramco,"Oil, Gas & Consumable Fuels"
"Mar 11, 2021",2222,32.64,32.55,32.64,32.45,4.93M,0.28%,Energy,Saudi Aramco,"Oil, Gas & Consumable Fuels"
"Mar 10, 2021",2222,32.55,32.45,32.64,32.41,5.09M,0.00%,Energy,Saudi Aramco,"Oil, Gas & Consumable Fuels"
"Mar 09, 2021",2222,32.55,32.64,32.73,32.45,5.73M,-0.28%,Energy,Saudi Aramco,"Oil, Gas & Consumable Fuels"
"Mar 08, 2021",2222,32.64,32.55,32.73,32.36,11.39M,0.28%,Energy,Saudi Aramco,"Oil, Gas & Consumable Fuels"
"Mar 07, 2021",2222,32.55,32.14,32.73,32.14,11.13M,1.70%,Energy,Saudi Aramco,"Oil, Gas & Consumable Fuels"
"Mar 04, 2021",2222,32.00,31.82,32.09,31.73,9.97M,0.43%,Energy,Saudi Aramco,"Oil, Gas & Consumable Fuels"
"Mar 03, 2021",2222,31.86,31.32,31.86,31.27,9.99M,1.74%,Energy,Saudi Aramco,"Oil, Gas & Consumable Fuels"
"Mar 02, 2021",2222,31.32,31.32,31.41,31.27,3.44M,-0.14%,Energy,Saudi Aramco,"Oil, Gas & Consumable Fuels"
"Mar 01, 2021",2222,31.36,31.27,31.36,31.23,3.73M,0.15%,Energy,Saudi Aramco,"Oil, Gas & Consumable Fuels"
"Feb 28, 2021",2222,31.32,31.27,31.36,31.18,2.85M,-0.29%,Energy,Saudi Aramco,"Oil, Gas & Consumable Fuels"
"Feb 25, 2021",2222,31.41,31.41,31.55,31.36,7.92M,0.00%,Energy,Saudi Aramco,"Oil, Gas & Consumable Fuels"
"Feb 24, 2021",2222,31.41,31.50,31.55,31.36,4.64M,-0.43%,Energy,Saudi Aramco,"Oil, Gas & Consumable Fuels"
"Feb 23, 2021",2222,31.55,31.50,31.68,31.50,4.04M,0.29%,Energy,Saudi Aramco,"Oil, Gas & Consumable Fuels"
"Feb 22, 2021",2222,31.45,31.50,31.59,31.36,5.45M,-0.43%,Energy,Saudi Aramco,"Oil, Gas & Consumable Fuels"
"Feb 21, 2021",2222,31.59,31.59,31.64,31.50,3.21M,0.00%,Energy,Saudi Aramco,"Oil, Gas & Consumable Fuels"
"Feb 18, 2021",2222,31.59,31.59,31.95,31.55,8.05M,0.00%,Energy,Saudi Aramco,"Oil, Gas & Consumable Fuels"
"Feb 17, 2021",2222,31.59,31.73,31.77,31.50,3.59M,-0.29%,Energy,Saudi Aramco,"Oil, Gas & Consumable Fuels"
"Feb 16, 2021",2222,31.68,31.50,31.73,31.50,3.44M,0.58%,Energy,Saudi Aramco,"Oil, Gas & Consumable Fuels"
"Feb 15, 2021",2222,31.50,31.41,31.73,31.41,4.21M,0.29%,Energy,Saudi Aramco,"Oil, Gas & Consumable Fuels"
"Feb 14, 2021",2222,31.41,31.36,31.50,31.36,2.96M,0.00%,Energy,Saudi Aramco,"Oil, Gas & Consumable Fuels"
"Feb 11, 2021",2222,31.41,31.27,31.41,31.23,2.13M,0.29%,Energy,Saudi Aramco,"Oil, Gas & Consumable Fuels"
"Feb 10, 2021",2222,31.32,31.55,31.55,31.23,2.37M,-0.14%,Energy,Saudi Aramco,"Oil, Gas & Consumable Fuels"
"Feb 09, 2021",2222,31.36,31.23,31.73,31.23,4.04M,0.58%,Energy,Saudi Aramco,"Oil, Gas & Consumable Fuels"
"Feb 08, 2021",2222,31.18,31.00,31.41,31.00,2.72M,0.59%,Energy,Saudi Aramco,"Oil, Gas & Consumable Fuels"
"Feb 07, 2021",2222,31.00,30.91,31.14,30.86,2.52M,0.44%,Energy,Saudi Aramco,"Oil, Gas & Consumable Fuels"
"Feb 04, 2021",2222,30.86,30.91,30.95,30.82,4.49M,-0.15%,Energy,Saudi Aramco,"Oil, Gas & Consumable Fuels"
"Feb 03, 2021",2222,30.91,31.09,31.14,30.91,2.67M,-0.58%,Energy,Saudi Aramco,"Oil, Gas & Consumable Fuels"
"Feb 02, 2021",2222,31.09,31.14,31.32,31.09,2.34M,0.15%,Energy,Saudi Aramco,"Oil, Gas & Consumable Fuels"
"Feb 01, 2021",2222,31.05,31.50,31.50,31.05,3.33M,-1.44%,Energy,Saudi Aramco,"Oil, Gas & Consumable Fuels"
"Jan 31, 2021",2222,31.50,31.59,31.68,31.45,2.19M,-0.29%,Energy,Saudi Aramco,"Oil, Gas & Consumable Fuels"
"Jan 28, 2021",2222,31.59,31.55,31.73,31.55,3.42M,-0.14%,Energy,Saudi Aramco,"Oil, Gas & Consumable Fuels"
"Jan 27, 2021",2222,31.64,31.59,31.68,31.55,2.61M,0.29%,Energy,Saudi Aramco,"Oil, Gas & Consumable Fuels"
"Jan 26, 2021",2222,31.55,31.59,31.73,31.55,2.25M,-0.14%,Energy,Saudi Aramco,"Oil, Gas & Consumable Fuels"
"Jan 25, 2021",2222,31.59,31.68,31.77,31.59,2.95M,-0.57%,Energy,Saudi Aramco,"Oil, Gas & Consumable Fuels"
"Jan 24, 2021",2222,31.77,31.64,31.77,31.64,1.80M,0.43%,Energy,Saudi Aramco,"Oil, Gas & Consumable Fuels"
"Jan 21, 2021",2222,31.64,31.64,31.73,31.64,1.92M,0.00%,Energy,Saudi Aramco,"Oil, Gas & Consumable Fuels"
"Jan 20, 2021",2222,31.64,31.64,31.73,31.59,2.66M,-0.29%,Energy,Saudi Aramco,"Oil, Gas & Consumable Fuels"
"Jan 19, 2021",2222,31.73,31.73,31.77,31.64,3.07M,-0.14%,Energy,Saudi Aramco,"Oil, Gas & Consumable Fuels"
"Jan 18, 2021",2222,31.77,31.64,31.77,31.64,2.23M,0.43%,Energy,Saudi Aramco,"Oil, Gas & Consumable Fuels"
"Jan 17, 2021",2222,31.64,31.82,31.82,31.64,2.54M,-0.57%,Energy,Saudi Aramco,"Oil, Gas & Consumable Fuels"
"Jan 14, 2021",2222,31.82,31.86,31.91,31.77,2.51M,-0.43%,Energy,Saudi Aramco,"Oil, Gas & Consumable Fuels"
"Jan 13, 2021",2222,31.95,31.91,31.95,31.86,2.30M,0.00%,Energy,Saudi Aramco,"Oil, Gas & Consumable Fuels"
"Jan 12, 2021",2222,31.95,31.91,31.95,31.82,3.75M,-0.14%,Energy,Saudi Aramco,"Oil, Gas & Consumable Fuels"
"Jan 11, 2021",2222,32.00,31.82,32.00,31.73,4.98M,0.57%,Energy,Saudi Aramco,"Oil, Gas & Consumable Fuels"
"Jan 10, 2021",2222,31.82,31.82,32.05,31.77,4.04M,0.29%,Energy,Saudi Aramco,"Oil, Gas & Consumable Fuels"
"Jan 07, 2021",2222,31.73,31.59,31.73,31.55,3.55M,0.29%,Energy,Saudi Aramco,"Oil, Gas & Consumable Fuels"
"Jan 06, 2021",2222,31.64,31.68,31.77,31.55,3.33M,-0.14%,Energy,Saudi Aramco,"Oil, Gas & Consumable Fuels"
"Jan 05, 2021",2222,31.68,31.73,31.73,31.50,4.27M,0.00%,Energy,Saudi Aramco,"Oil, Gas & Consumable Fuels"
"Jan 04, 2021",2222,31.68,31.68,31.82,31.64,2.55M,0.00%,Energy,Saudi Aramco,"Oil, Gas & Consumable Fuels"
"Jan 03, 2021",2222,31.68,31.82,31.82,31.68,1.80M,-0.43%,Energy,Saudi Aramco,"Oil, Gas & Consumable Fuels"
"Dec 31, 2020",2222,31.82,31.86,31.95,31.77,3.62M,-0.14%,Energy,Saudi Aramco,"Oil, Gas & Consumable Fuels"
"Dec 30, 2020",2222,31.86,31.86,31.91,31.73,3.50M,-0.14%,Energy,Saudi Aramco,"Oil, Gas & Consumable Fuels"
"Dec 29, 2020",2222,31.91,31.86,31.91,31.68,3.51M,0.00%,Energy,Saudi Aramco,"Oil, Gas & Consumable Fuels"
"Dec 28, 2020",2222,31.91,31.86,31.91,31.77,2.50M,0.14%,Energy,Saudi Aramco,"Oil, Gas & Consumable Fuels"
"Dec 27, 2020",2222,31.86,31.77,31.95,31.68,2.54M,0.14%,Energy,Saudi Aramco,"Oil, Gas & Consumable Fuels"
"Dec 24, 2020",2222,31.82,31.73,32.00,31.73,3.52M,0.29%,Energy,Saudi Aramco,"Oil, Gas & Consumable Fuels"
"Dec 23, 2020",2222,31.73,31.82,31.82,31.68,2.49M,-0.29%,Energy,Saudi Aramco,"Oil, Gas & Consumable Fuels"
"Dec 22, 2020",2222,31.82,31.50,31.82,31.50,3.19M,0.57%,Energy,Saudi Aramco,"Oil, Gas & Consumable Fuels"
"Dec 21, 2020",2222,31.64,31.82,31.95,31.50,7.43M,-1.14%,Energy,Saudi Aramco,"Oil, Gas & Consumable Fuels"
"Dec 20, 2020",2222,32.00,32.18,32.23,32.00,3.10M,0.00%,Energy,Saudi Aramco,"Oil, Gas & Consumable Fuels"
"Dec 17, 2020",2222,32.00,32.32,32.36,32.00,10.45M,-1.12%,Energy,Saudi Aramco,"Oil, Gas & Consumable Fuels"
"Dec 16, 2020",2222,32.36,32.27,32.36,32.18,2.62M,0.42%,Energy,Saudi Aramco,"Oil, Gas & Consumable Fuels"
"Dec 15, 2020",2222,32.23,32.09,32.41,32.09,3.92M,0.14%,Energy,Saudi Aramco,"Oil, Gas & Consumable Fuels"
"Dec 14, 2020",2222,32.18,32.14,32.18,32.09,3.04M,0.00%,Energy,Saudi Aramco,"Oil, Gas & Consumable Fuels"
"Dec 13, 2020",2222,32.18,32.27,32.32,32.18,2.58M,-0.28%,Energy,Saudi Aramco,"Oil, Gas & Consumable Fuels"
"Dec 10, 2020",2222,32.27,32.36,32.41,32.27,2.88M,-0.42%,Energy,Saudi Aramco,"Oil, Gas & Consumable Fuels"
"Dec 09, 2020",2222,32.41,32.36,32.45,32.27,2.70M,0.14%,Energy,Saudi Aramco,"Oil, Gas & Consumable Fuels"
"Dec 08, 2020",2222,32.36,32.32,32.36,32.27,2.27M,-0.14%,Energy,Saudi Aramco,"Oil, Gas & Consumable Fuels"
"Dec 07, 2020",2222,32.41,32.41,32.45,32.23,4.06M,-0.14%,Energy,Saudi Aramco,"Oil, Gas & Consumable Fuels"
"Dec 06, 2020",2222,32.45,32.64,32.64,32.45,2.09M,-0.42%,Energy,Saudi Aramco,"Oil, Gas & Consumable Fuels"
"Dec 03, 2020",2222,32.59,32.59,32.59,32.50,2.39M,-0.14%,Energy,Saudi Aramco,"Oil, Gas & Consumable Fuels"
"Dec 02, 2020",2222,32.64,32.55,32.73,32.45,3.28M,-0.14%,Energy,Saudi Aramco,"Oil, Gas & Consumable Fuels"
"Dec 01, 2020",2222,32.68,32.41,32.73,32.41,4.13M,-0.14%,Energy,Saudi Aramco,"Oil, Gas & Consumable Fuels"
"Nov 30, 2020",2222,32.73,32.50,32.73,32.18,11.83M,0.70%,Energy,Saudi Aramco,"Oil, Gas & Consumable Fuels"
"Nov 29, 2020",2222,32.50,32.50,32.64,32.45,3.43M,-0.42%,Energy,Saudi Aramco,"Oil, Gas & Consumable Fuels"
"Nov 26, 2020",2222,32.64,32.45,32.64,32.18,10.35M,0.56%,Energy,Saudi Aramco,"Oil, Gas & Consumable Fuels"
"Nov 25, 2020",2222,32.45,32.50,32.73,32.45,7.46M,0.00%,Energy,Saudi Aramco,"Oil, Gas & Consumable Fuels"
"Nov 24, 2020",2222,32.45,32.23,32.59,32.18,6.27M,0.56%,Energy,Saudi Aramco,"Oil, Gas & Consumable Fuels"
"Nov 23, 2020",2222,32.27,32.09,32.27,32.05,4.92M,0.57%,Energy,Saudi Aramco,"Oil, Gas & Consumable Fuels"
"Nov 22, 2020",2222,32.09,32.23,32.32,32.09,3.79M,-0.28%,Energy,Saudi Aramco,"Oil, Gas & Consumable Fuels"
"Nov 19, 2020",2222,32.18,32.18,32.32,32.14,3.19M,-0.28%,Energy,Saudi Aramco,"Oil, Gas & Consumable Fuels"
"Nov 18, 2020",2222,32.27,32.23,32.27,32.14,4.00M,0.00%,Energy,Saudi Aramco,"Oil, Gas & Consumable Fuels"
"Nov 17, 2020",2222,32.27,32.18,32.27,32.14,4.72M,0.28%,Energy,Saudi Aramco,"Oil, Gas & Consumable Fuels"
"Nov 16, 2020",2222,32.18,32.05,32.18,32.05,4.57M,0.28%,Energy,Saudi Aramco,"Oil, Gas & Consumable Fuels"
"Nov 15, 2020",2222,32.09,32.00,32.18,31.95,4.48M,0.14%,Energy,Saudi Aramco,"Oil, Gas & Consumable Fuels"
"Nov 12, 2020",2222,32.05,32.18,32.23,31.95,2.93M,-0.70%,Energy,Saudi Aramco,"Oil, Gas & Consumable Fuels"
"Nov 11, 2020",2222,32.27,32.14,32.27,32.05,4.64M,0.42%,Energy,Saudi Aramco,"Oil, Gas & Consumable Fuels"
"Nov 10, 2020",2222,32.14,32.27,32.36,32.00,9.89M,-0.42%,Energy,Saudi Aramco,"Oil, Gas & Consumable Fuels"
"Nov 09, 2020",2222,32.27,31.73,32.27,31.73,7.36M,1.87%,Energy,Saudi Aramco,"Oil, Gas & Consumable Fuels"
"Nov 08, 2020",2222,31.68,31.32,31.68,31.27,3.13M,0.72%,Energy,Saudi Aramco,"Oil, Gas & Consumable Fuels"
"Nov 05, 2020",2222,31.45,31.50,31.50,31.27,2.83M,-0.14%,Energy,Saudi Aramco,"Oil, Gas & Consumable Fuels"
"Nov 04, 2020",2222,31.50,31.32,31.59,31.32,2.92M,0.73%,Energy,Saudi Aramco,"Oil, Gas & Consumable Fuels"
"Nov 03, 2020",2222,31.27,31.14,31.64,31.14,5.22M,0.58%,Energy,Saudi Aramco,"Oil, Gas & Consumable Fuels"
"Nov 02, 2020",2222,31.09,30.55,31.14,30.41,4.09M,1.79%,Energy,Saudi Aramco,"Oil, Gas & Consumable Fuels"
"Nov 01, 2020",2222,30.55,30.59,30.73,30.45,2.72M,-0.30%,Energy,Saudi Aramco,"Oil, Gas & Consumable Fuels"
"Oct 29, 2020",2222,30.64,30.91,31.00,30.45,7.13M,-1.46%,Energy,Saudi Aramco,"Oil, Gas & Consumable Fuels"
"Oct 28, 2020",2222,31.09,31.36,31.36,30.95,3.01M,-0.87%,Energy,Saudi Aramco,"Oil, Gas & Consumable Fuels"
"Oct 27, 2020",2222,31.36,31.05,31.36,31.05,2.54M,1.17%,Energy,Saudi Aramco,"Oil, Gas & Consumable Fuels"
"Oct 26, 2020",2222,31.00,31.36,31.82,30.91,7.27M,-1.16%,Energy,Saudi Aramco,"Oil, Gas & Consumable Fuels"
"Oct 25, 2020",2222,31.36,32.09,32.09,31.36,4.83M,-2.27%,Energy,Saudi Aramco,"Oil, Gas & Consumable Fuels"
"Oct 22, 2020",2222,32.09,32.09,32.09,31.91,3.49M,0.00%,Energy,Saudi Aramco,"Oil, Gas & Consumable Fuels"
"Oct 21, 2020",2222,32.09,32.14,32.27,32.09,2.61M,-0.56%,Energy,Saudi Aramco,"Oil, Gas & Consumable Fuels"
"Oct 20, 2020",2222,32.27,32.27,32.36,32.05,3.66M,-0.42%,Energy,Saudi Aramco,"Oil, Gas & Consumable Fuels"
"Oct 19, 2020",2222,32.41,32.55,32.59,32.41,2.78M,-0.56%,Energy,Saudi Aramco,"Oil, Gas & Consumable Fuels"
"Oct 18, 2020",2222,32.59,32.45,32.64,32.45,2.42M,0.14%,Energy,Saudi Aramco,"Oil, Gas & Consumable Fuels"
"Oct 15, 2020",2222,32.55,32.55,32.59,32.45,3.43M,0.00%,Energy,Saudi Aramco,"Oil, Gas & Consumable Fuels"
"Oct 14, 2020",2222,32.55,32.64,32.68,32.55,2.94M,-0.28%,Energy,Saudi Aramco,"Oil, Gas & Consumable Fuels"
"Oct 13, 2020",2222,32.64,32.64,32.73,32.59,3.00M,-0.14%,Energy,Saudi Aramco,"Oil, Gas & Consumable Fuels"
"Oct 12, 2020",2222,32.68,32.68,32.73,32.55,2.97M,0.00%,Energy,Saudi Aramco,"Oil, Gas & Consumable Fuels"
"Oct 11, 2020",2222,32.68,32.73,32.82,32.64,4.18M,-0.14%,Energy,Saudi Aramco,"Oil, Gas & Consumable Fuels"
"Oct 08, 2020",2222,32.73,32.55,32.73,32.50,3.33M,0.56%,Energy,Saudi Aramco,"Oil, Gas & Consumable Fuels"
"Oct 07, 2020",2222,32.55,32.59,32.68,32.32,3.20M,-0.14%,Energy,Saudi Aramco,"Oil, Gas & Consumable Fuels"
"Oct 06, 2020",2222,32.59,32.59,32.86,32.59,6.38M,0.00%,Energy,Saudi Aramco,"Oil, Gas & Consumable Fuels"
"Oct 05, 2020",2222,32.59,31.86,32.59,31.77,6.92M,2.14%,Energy,Saudi Aramco,"Oil, Gas & Consumable Fuels"
"Oct 04, 2020",2222,31.91,32.27,32.27,31.91,4.09M,-1.82%,Energy,Saudi Aramco,"Oil, Gas & Consumable Fuels"
"Oct 01, 2020",2222,32.50,32.55,32.59,32.36,3.96M,-0.42%,Energy,Saudi Aramco,"Oil, Gas & Consumable Fuels"
"Sep 30, 2020",2222,32.64,32.82,32.86,32.50,6.26M,-0.83%,Energy,Saudi Aramco,"Oil, Gas & Consumable Fuels"
"Sep 29, 2020",2222,32.91,33.18,33.23,32.91,6.20M,-0.96%,Energy,Saudi Aramco,"Oil, Gas & Consumable Fuels"
"Sep 28, 2020",2222,33.23,33.27,33.32,33.09,10.50M,-0.14%,Energy,Saudi Aramco,"Oil, Gas & Consumable Fuels"
"Sep 27, 2020",2222,33.27,33.36,33.36,33.18,6.19M,-0.27%,Energy,Saudi Aramco,"Oil, Gas & Consumable Fuels"
"Sep 24, 2020",2222,33.36,33.27,33.41,33.14,6.48M,0.14%,Energy,Saudi Aramco,"Oil, Gas & Consumable Fuels"
"Sep 22, 2020",2222,33.32,33.55,33.55,33.32,6.78M,-0.81%,Energy,Saudi Aramco,"Oil, Gas & Consumable Fuels"
"Sep 21, 2020",2222,33.59,33.59,33.77,33.50,14.71M,0.00%,Energy,Saudi Aramco,"Oil, Gas & Consumable Fuels"
"Sep 20, 2020",2222,33.59,33.27,33.64,33.23,14.13M,0.82%,Energy,Saudi Aramco,"Oil, Gas & Consumable Fuels"
"Sep 17, 2020",2222,33.32,33.00,33.59,32.95,67.77M,1.10%,Energy,Saudi Aramco,"Oil, Gas & Consumable Fuels"
"Sep 16, 2020",2222,32.95,32.91,33.05,32.77,14.77M,0.28%,Energy,Saudi Aramco,"Oil, Gas & Consumable Fuels"
"Sep 15, 2020",2222,32.86,32.77,32.95,32.68,16.07M,0.28%,Energy,Saudi Aramco,"Oil, Gas & Consumable Fuels"
"Sep 14, 2020",2222,32.77,32.73,32.91,32.59,12.82M,0.28%,Energy,Saudi Aramco,"Oil, Gas & Consumable Fuels"
"Sep 13, 2020",2222,32.68,32.45,32.77,32.36,10.65M,0.70%,Energy,Saudi Aramco,"Oil, Gas & Consumable Fuels"
"Sep 10, 2020",2222,32.45,32.50,32.55,32.36,6.73M,-0.28%,Energy,Saudi Aramco,"Oil, Gas & Consumable Fuels"
"Sep 09, 2020",2222,32.55,32.50,32.59,32.36,8.05M,-0.42%,Energy,Saudi Aramco,"Oil, Gas & Consumable Fuels"
"Sep 08, 2020",2222,32.68,32.50,32.73,32.50,10.10M,0.56%,Energy,Saudi Aramco,"Oil, Gas & Consumable Fuels"
"Sep 07, 2020",2222,32.50,32.59,32.73,32.45,7.27M,-0.28%,Energy,Saudi Aramco,"Oil, Gas & Consumable Fuels"
"Sep 06, 2020",2222,32.59,32.59,32.77,32.36,7.37M,-0.42%,Energy,Saudi Aramco,"Oil, Gas & Consumable Fuels"
"Sep 03, 2020",2222,32.73,32.73,33.09,32.64,15.83M,0.00%,Energy,Saudi Aramco,"Oil, Gas & Consumable Fuels"
"Sep 02, 2020",2222,32.73,32.00,32.77,31.68,18.13M,2.13%,Energy,Saudi Aramco,"Oil, Gas & Consumable Fuels"
"Sep 01, 2020",2222,32.05,32.23,32.27,32.00,10.71M,-0.84%,Energy,Saudi Aramco,"Oil, Gas & Consumable Fuels"
"Aug 31, 2020",2222,32.32,31.91,32.32,31.86,82.02M,1.28%,Energy,Saudi Aramco,"Oil, Gas & Consumable Fuels"
"Aug 30, 2020",2222,31.91,31.82,32.05,31.77,10.36M,0.29%,Energy,Saudi Aramco,"Oil, Gas & Consumable Fuels"
"Aug 27, 2020",2222,31.82,31.73,31.82,31.68,9.03M,0.29%,Energy,Saudi Aramco,"Oil, Gas & Consumable Fuels"
"Aug 26, 2020",2222,31.73,31.73,31.77,31.55,6.10M,-0.14%,Energy,Saudi Aramco,"Oil, Gas & Consumable Fuels"
"Aug 25, 2020",2222,31.77,31.73,31.82,31.64,11.80M,0.14%,Energy,Saudi Aramco,"Oil, Gas & Consumable Fuels"
"Aug 24, 2020",2222,31.73,31.00,31.73,30.95,18.46M,2.35%,Energy,Saudi Aramco,"Oil, Gas & Consumable Fuels"
"Aug 23, 2020",2222,31.00,31.05,31.05,30.91,5.72M,-0.15%,Energy,Saudi Aramco,"Oil, Gas & Consumable Fuels"
"Aug 20, 2020",2222,31.05,30.91,31.14,30.91,9.51M,0.00%,Energy,Saudi Aramco,"Oil, Gas & Consumable Fuels"
"Aug 19, 2020",2222,31.05,30.91,31.14,30.73,11.67M,0.44%,Energy,Saudi Aramco,"Oil, Gas & Consumable Fuels"
"Aug 18, 2020",2222,30.91,30.41,30.91,30.36,14.76M,1.49%,Energy,Saudi Aramco,"Oil, Gas & Consumable Fuels"
"Aug 17, 2020",2222,30.45,30.32,30.45,30.23,11.80M,0.45%,Energy,Saudi Aramco,"Oil, Gas & Consumable Fuels"
"Aug 16, 2020",2222,30.32,30.45,30.45,30.32,4.16M,-0.45%,Energy,Saudi Aramco,"Oil, Gas & Consumable Fuels"
"Aug 13, 2020",2222,30.45,30.23,30.45,30.18,14.63M,1.06%,Energy,Saudi Aramco,"Oil, Gas & Consumable Fuels"
"Aug 12, 2020",2222,30.14,30.09,30.14,30.00,5.28M,-0.45%,Energy,Saudi Aramco,"Oil, Gas & Consumable Fuels"
"Aug 11, 2020",2222,30.27,30.09,30.27,30.05,7.66M,0.60%,Energy,Saudi Aramco,"Oil, Gas & Consumable Fuels"
"Aug 10, 2020",2222,30.09,30.05,30.14,30.05,6.22M,0.15%,Energy,Saudi Aramco,"Oil, Gas & Consumable Fuels"
"Aug 09, 2020",2222,30.05,29.95,30.14,29.91,5.68M,0.30%,Energy,Saudi Aramco,"Oil, Gas & Consumable Fuels"
"Aug 06, 2020",2222,29.95,30.05,30.09,29.95,4.13M,-0.30%,Energy,Saudi Aramco,"Oil, Gas & Consumable Fuels"
"Aug 05, 2020",2222,30.05,30.00,30.18,30.00,8.35M,0.15%,Energy,Saudi Aramco,"Oil, Gas & Consumable Fuels"
"Jul 28, 2020",2222,30.00,29.95,30.00,29.91,3.86M,0.15%,Energy,Saudi Aramco,"Oil, Gas & Consumable Fuels"
"Jul 27, 2020",2222,29.95,29.73,29.95,29.73,3.62M,0.61%,Energy,Saudi Aramco,"Oil, Gas & Consumable Fuels"
"Jul 26, 2020",2222,29.77,29.77,29.91,29.68,5.44M,-0.76%,Energy,Saudi Aramco,"Oil, Gas & Consumable Fuels"
"Jul 23, 2020",2222,30.00,29.91,30.00,29.91,2.82M,0.00%,Energy,Saudi Aramco,"Oil, Gas & Consumable Fuels"
"Jul 22, 2020",2222,30.00,30.05,30.05,29.91,2.74M,0.00%,Energy,Saudi Aramco,"Oil, Gas & Consumable Fuels"
"Jul 21, 2020",2222,30.00,30.00,30.09,29.95,4.05M,-0.30%,Energy,Saudi Aramco,"Oil, Gas & Consumable Fuels"
"Jul 20, 2020",2222,30.09,30.09,30.14,29.86,7.17M,-0.15%,Energy,Saudi Aramco,"Oil, Gas & Consumable Fuels"
"Jul 19, 2020",2222,30.14,30.27,30.32,30.14,2.02M,-0.75%,Energy,Saudi Aramco,"Oil, Gas & Consumable Fuels"
"Jul 16, 2020",2222,30.36,30.36,30.41,30.27,3.41M,-0.15%,Energy,Saudi Aramco,"Oil, Gas & Consumable Fuels"
"Jul 15, 2020",2222,30.41,30.23,30.41,30.23,4.32M,0.30%,Energy,Saudi Aramco,"Oil, Gas & Consumable Fuels"
"Jul 14, 2020",2222,30.32,30.32,30.32,30.05,3.83M,0.15%,Energy,Saudi Aramco,"Oil, Gas & Consumable Fuels"
"Jul 13, 2020",2222,30.27,30.41,30.45,30.18,4.11M,-0.45%,Energy,Saudi Aramco,"Oil, Gas & Consumable Fuels"
"Jul 12, 2020",2222,30.41,30.27,30.55,30.23,6.34M,0.45%,Energy,Saudi Aramco,"Oil, Gas & Consumable Fuels"
"Jul 09, 2020",2222,30.27,30.23,30.32,30.14,5.53M,0.15%,Energy,Saudi Aramco,"Oil, Gas & Consumable Fuels"
"Jul 08, 2020",2222,30.23,30.18,30.32,30.09,6.20M,0.15%,Energy,Saudi Aramco,"Oil, Gas & Consumable Fuels"
"Jul 07, 2020",2222,30.18,29.95,30.41,29.91,12.34M,0.76%,Energy,Saudi Aramco,"Oil, Gas & Consumable Fuels"
"Jul 06, 2020",2222,29.95,29.77,30.09,29.73,10.48M,0.46%,Energy,Saudi Aramco,"Oil, Gas & Consumable Fuels"
"Jul 05, 2020",2222,29.82,29.86,29.91,29.77,4.37M,-0.30%,Energy,Saudi Aramco,"Oil, Gas & Consumable Fuels"
"Jul 02, 2020",2222,29.91,29.68,29.91,29.68,5.35M,0.61%,Energy,Saudi Aramco,"Oil, Gas & Consumable Fuels"
"Jul 01, 2020",2222,29.73,29.50,29.73,29.45,2.71M,0.62%,Energy,Saudi Aramco,"Oil, Gas & Consumable Fuels"
"Jun 30, 2020",2222,29.55,29.68,29.73,29.55,4.23M,-0.46%,Energy,Saudi Aramco,"Oil, Gas & Consumable Fuels"
"Jun 29, 2020",2222,29.68,29.64,29.73,29.59,3.53M,0.15%,Energy,Saudi Aramco,"Oil, Gas & Consumable Fuels"
"Jun 28, 2020",2222,29.64,29.64,29.73,29.59,2.49M,-0.31%,Energy,Saudi Aramco,"Oil, Gas & Consumable Fuels"
"Jun 25, 2020",2222,29.73,29.68,29.77,29.64,4.58M,-0.30%,Energy,Saudi Aramco,"Oil, Gas & Consumable Fuels"
"Jun 24, 2020",2222,29.82,29.86,29.91,29.77,3.79M,-0.30%,Energy,Saudi Aramco,"Oil, Gas & Consumable Fuels"
"Jun 23, 2020",2222,29.91,29.82,29.95,29.64,4.36M,0.30%,Energy,Saudi Aramco,"Oil, Gas & Consumable Fuels"
"Jun 22, 2020",2222,29.82,29.91,29.95,29.68,6.04M,-0.30%,Energy,Saudi Aramco,"Oil, Gas & Consumable Fuels"
"Jun 21, 2020",2222,29.91,30.18,30.18,29.91,5.08M,-0.60%,Energy,Saudi Aramco,"Oil, Gas & Consumable Fuels"
"Jun 18, 2020",2222,30.09,29.64,30.09,29.64,28.19M,1.38%,Energy,Saudi Aramco,"Oil, Gas & Consumable Fuels"
"Jun 17, 2020",2222,29.68,29.64,29.73,29.55,5.79M,0.31%,Energy,Saudi Aramco,"Oil, Gas & Consumable Fuels"
"Jun 16, 2020",2222,29.59,29.36,29.91,29.36,8.55M,0.93%,Energy,Saudi Aramco,"Oil, Gas & Consumable Fuels"
"Jun 15, 2020",2222,29.32,29.27,29.36,29.23,4.27M,0.00%,Energy,Saudi Aramco,"Oil, Gas & Consumable Fuels"
"Jun 14, 2020",2222,29.32,29.32,29.36,29.23,3.45M,-0.31%,Energy,Saudi Aramco,"Oil, Gas & Consumable Fuels"
"Jun 11, 2020",2222,29.41,29.27,29.41,29.14,4.19M,0.15%,Energy,Saudi Aramco,"Oil, Gas & Consumable Fuels"
"Jun 10, 2020",2222,29.36,29.32,29.36,29.23,3.55M,0.00%,Energy,Saudi Aramco,"Oil, Gas & Consumable Fuels"
"Jun 09, 2020",2222,29.36,29.18,29.36,29.18,5.01M,0.16%,Energy,Saudi Aramco,"Oil, Gas & Consumable Fuels"
"Jun 08, 2020",2222,29.32,29.36,29.45,29.23,7.71M,-0.46%,Energy,Saudi Aramco,"Oil, Gas & Consumable Fuels"
"Jun 07, 2020",2222,29.45,29.50,29.68,29.41,3.88M,0.62%,Energy,Saudi Aramco,"Oil, Gas & Consumable Fuels"
"Jun 04, 2020",2222,29.27,29.68,29.73,29.23,7.61M,-1.68%,Energy,Saudi Aramco,"Oil, Gas & Consumable Fuels"
"Jun 03, 2020",2222,29.77,29.82,29.91,29.55,6.82M,0.31%,Energy,Saudi Aramco,"Oil, Gas & Consumable Fuels"
"Jun 02, 2020",2222,29.68,29.91,29.95,29.55,6.54M,-0.76%,Energy,Saudi Aramco,"Oil, Gas & Consumable Fuels"
"Jun 01, 2020",2222,29.91,29.95,30.05,29.86,7.28M,-0.30%,Energy,Saudi Aramco,"Oil, Gas & Consumable Fuels"
"May 31, 2020",2222,30.00,30.50,30.50,29.91,9.43M,0.00%,Energy,Saudi Aramco,"Oil, Gas & Consumable Fuels"
"May 21, 2020",2222,30.00,30.36,30.41,29.95,17.35M,0.00%,Energy,Saudi Aramco,"Oil, Gas & Consumable Fuels"
"May 20, 2020",2222,30.00,30.41,30.59,29.77,11.06M,-1.05%,Energy,Saudi Aramco,"Oil, Gas & Consumable Fuels"
"May 19, 2020",2222,30.32,29.55,30.82,29.50,26.19M,3.09%,Energy,Saudi Aramco,"Oil, Gas & Consumable Fuels"
"May 18, 2020",2222,29.41,29.09,29.55,29.09,13.00M,1.25%,Energy,Saudi Aramco,"Oil, Gas & Consumable Fuels"
"May 17, 2020",2222,29.05,28.91,29.09,28.82,9.29M,1.75%,Energy,Saudi Aramco,"Oil, Gas & Consumable Fuels"
"May 14, 2020",2222,28.55,28.50,28.55,28.32,4.55M,0.16%,Energy,Saudi Aramco,"Oil, Gas & Consumable Fuels"
"May 13, 2020",2222,28.50,28.55,28.68,28.45,4.64M,0.16%,Energy,Saudi Aramco,"Oil, Gas & Consumable Fuels"
"May 12, 2020",2222,28.45,28.18,28.64,28.09,5.64M,1.29%,Energy,Saudi Aramco,"Oil, Gas & Consumable Fuels"
"May 11, 2020",2222,28.09,28.00,28.32,27.41,5.20M,-0.80%,Energy,Saudi Aramco,"Oil, Gas & Consumable Fuels"
"May 10, 2020",2222,28.32,28.41,28.55,28.27,3.10M,0.48%,Energy,Saudi Aramco,"Oil, Gas & Consumable Fuels"
"May 07, 2020",2222,28.18,28.23,28.36,27.86,6.91M,-0.80%,Energy,Saudi Aramco,"Oil, Gas & Consumable Fuels"
"May 06, 2020",2222,28.41,28.86,29.05,28.36,7.53M,-0.16%,Energy,Saudi Aramco,"Oil, Gas & Consumable Fuels"
"May 05, 2020",2222,28.45,28.23,28.68,28.18,11.88M,2.62%,Energy,Saudi Aramco,"Oil, Gas & Consumable Fuels"
"May 04, 2020",2222,27.73,27.14,28.18,26.95,9.49M,1.67%,Energy,Saudi Aramco,"Oil, Gas & Consumable Fuels"
"May 03, 2020",2222,27.27,27.27,27.45,26.95,9.36M,-5.21%,Energy,Saudi Aramco,"Oil, Gas & Consumable Fuels"
"Apr 30, 2020",2222,28.77,28.23,28.86,28.23,9.38M,2.26%,Energy,Saudi Aramco,"Oil, Gas & Consumable Fuels"
"Apr 29, 2020",2222,28.14,27.95,28.18,27.95,3.73M,0.81%,Energy,Saudi Aramco,"Oil, Gas & Consumable Fuels"
"Apr 28, 2020",2222,27.91,27.86,28.05,27.77,3.42M,-0.32%,Energy,Saudi Aramco,"Oil, Gas & Consumable Fuels"
"Apr 27, 2020",2222,28.00,28.09,28.27,27.77,5.19M,-0.32%,Energy,Saudi Aramco,"Oil, Gas & Consumable Fuels"
"Apr 26, 2020",2222,28.09,27.55,28.23,27.36,6.09M,3.01%,Energy,Saudi Aramco,"Oil, Gas & Consumable Fuels"
"Apr 23, 2020",2222,27.27,27.27,27.45,27.14,5.15M,1.00%,Energy,Saudi Aramco,"Oil, Gas & Consumable Fuels"
"Apr 22, 2020",2222,27.00,26.36,27.18,26.36,6.53M,1.01%,Energy,Saudi Aramco,"Oil, Gas & Consumable Fuels"
"Apr 21, 2020",2222,26.73,26.82,27.05,26.32,6.59M,-1.98%,Energy,Saudi Aramco,"Oil, Gas & Consumable Fuels"
"Apr 20, 2020",2222,27.27,27.32,27.32,27.05,4.44M,-0.51%,Energy,Saudi Aramco,"Oil, Gas & Consumable Fuels"
"Apr 19, 2020",2222,27.41,27.32,27.55,27.27,5.14M,0.51%,Energy,Saudi Aramco,"Oil, Gas & Consumable Fuels"
"Apr 16, 2020",2222,27.27,27.86,27.86,27.18,8.39M,-2.29%,Energy,Saudi Aramco,"Oil, Gas & Consumable Fuels"
"Apr 15, 2020",2222,27.91,28.23,28.23,27.77,4.87M,-1.27%,Energy,Saudi Aramco,"Oil, Gas & Consumable Fuels"
"Apr 14, 2020",2222,28.27,28.36,28.59,28.09,6.51M,0.00%,Energy,Saudi Aramco,"Oil, Gas & Consumable Fuels"
"Apr 13, 2020",2222,28.27,28.82,28.91,28.23,8.16M,-1.74%,Energy,Saudi Aramco,"Oil, Gas & Consumable Fuels"
"Apr 12, 2020",2222,28.77,29.09,29.09,28.55,8.14M,-1.27%,Energy,Saudi Aramco,"Oil, Gas & Consumable Fuels"
"Apr 09, 2020",2222,29.14,29.09,29.23,29.00,8.77M,0.17%,Energy,Saudi Aramco,"Oil, Gas & Consumable Fuels"
"Apr 08, 2020",2222,29.09,29.09,29.09,28.86,6.09M,0.00%,Energy,Saudi Aramco,"Oil, Gas & Consumable Fuels"
"Apr 07, 2020",2222,29.09,29.05,29.09,28.82,6.69M,0.14%,Energy,Saudi Aramco,"Oil, Gas & Consumable Fuels"
"Apr 06, 2020",2222,29.05,28.86,29.09,28.64,6.57M,1.43%,Energy,Saudi Aramco,"Oil, Gas & Consumable Fuels"
"Apr 05, 2020",2222,28.64,29.14,29.59,28.64,26.49M,-0.45%,Energy,Saudi Aramco,"Oil, Gas & Consumable Fuels"
"Apr 02, 2020",2222,28.77,28.14,28.77,28.14,15.86M,3.41%,Energy,Saudi Aramco,"Oil, Gas & Consumable Fuels"
"Apr 01, 2020",2222,27.82,27.36,27.95,27.18,10.54M,1.50%,Energy,Saudi Aramco,"Oil, Gas & Consumable Fuels"
"Mar 31, 2020",2222,27.41,27.18,27.50,27.18,7.29M,0.66%,Energy,Saudi Aramco,"Oil, Gas & Consumable Fuels"
"Mar 30, 2020",2222,27.23,27.23,27.32,27.09,5.24M,0.18%,Energy,Saudi Aramco,"Oil, Gas & Consumable Fuels"
"Mar 29, 2020",2222,27.18,27.09,27.32,26.64,7.39M,0.00%,Energy,Saudi Aramco,"Oil, Gas & Consumable Fuels"
"Mar 26, 2020",2222,27.18,26.95,27.27,26.95,6.15M,1.00%,Energy,Saudi Aramco,"Oil, Gas & Consumable Fuels"
"Mar 25, 2020",2222,26.91,27.27,27.50,26.55,21.76M,0.34%,Energy,Saudi Aramco,"Oil, Gas & Consumable Fuels"
"Mar 24, 2020",2222,26.82,26.50,27.14,26.50,11.02M,3.15%,Energy,Saudi Aramco,"Oil, Gas & Consumable Fuels"
"Mar 23, 2020",2222,26.00,26.27,26.27,25.91,5.85M,-1.03%,Energy,Saudi Aramco,"Oil, Gas & Consumable Fuels"
"Mar 22, 2020",2222,26.27,26.41,26.77,26.14,7.89M,-1.54%,Energy,Saudi Aramco,"Oil, Gas & Consumable Fuels"
"Mar 19, 2020",2222,26.68,26.23,26.91,25.95,17.49M,1.21%,Energy,Saudi Aramco,"Oil, Gas & Consumable Fuels"
"Mar 18, 2020",2222,26.36,26.45,27.23,26.32,14.55M,-0.34%,Energy,Saudi Aramco,"Oil, Gas & Consumable Fuels"
"Mar 17, 2020",2222,26.45,25.27,27.05,25.27,18.47M,4.67%,Energy,Saudi Aramco,"Oil, Gas & Consumable Fuels"
"Mar 16, 2020",2222,25.27,25.55,25.73,25.14,13.68M,-3.14%,Energy,Saudi Aramco,"Oil, Gas & Consumable Fuels"
"Mar 15, 2020",2222,26.09,26.32,27.05,25.95,17.46M,-1.02%,Energy,Saudi Aramco,"Oil, Gas & Consumable Fuels"
"Mar 12, 2020",2222,26.36,26.36,26.91,25.45,23.28M,-2.37%,Energy,Saudi Aramco,"Oil, Gas & Consumable Fuels"
"Mar 11, 2020",2222,27.00,28.64,28.64,26.45,24.95M,-4.66%,Energy,Saudi Aramco,"Oil, Gas & Consumable Fuels"
"Mar 10, 2020",2222,28.32,26.55,28.32,26.55,28.77M,9.90%,Energy,Saudi Aramco,"Oil, Gas & Consumable Fuels"
"Mar 09, 2020",2222,25.77,24.55,26.05,24.55,37.39M,-5.50%,Energy,Saudi Aramco,"Oil, Gas & Consumable Fuels"
"Mar 08, 2020",2222,27.27,29.00,29.00,27.18,25.84M,-9.10%,Energy,Saudi Aramco,"Oil, Gas & Consumable Fuels"
"Mar 05, 2020",2222,30.00,30.05,30.18,29.95,4.37M,-0.17%,Energy,Saudi Aramco,"Oil, Gas & Consumable Fuels"
"Mar 04, 2020",2222,30.05,29.91,30.09,29.77,9.21M,0.00%,Energy,Saudi Aramco,"Oil, Gas & Consumable Fuels"
"Mar 03, 2020",2222,30.05,30.05,30.14,29.95,8.86M,0.77%,Energy,Saudi Aramco,"Oil, Gas & Consumable Fuels"
"Mar 02, 2020",2222,29.82,29.77,30.14,29.77,13.25M,0.47%,Energy,Saudi Aramco,"Oil, Gas & Consumable Fuels"
"Mar 01, 2020",2222,29.68,29.91,29.91,29.41,14.49M,-2.11%,Energy,Saudi Aramco,"Oil, Gas & Consumable Fuels"
"Feb 27, 2020",2222,30.32,30.23,30.32,30.09,19.81M,-0.30%,Energy,Saudi Aramco,"Oil, Gas & Consumable Fuels"
"Feb 26, 2020",2222,30.41,30.27,30.45,30.09,7.26M,-0.13%,Energy,Saudi Aramco,"Oil, Gas & Consumable Fuels"
"Feb 25, 2020",2222,30.45,30.18,30.55,30.05,9.41M,0.30%,Energy,Saudi Aramco,"Oil, Gas & Consumable Fuels"
"Feb 24, 2020",2222,30.36,30.86,30.86,30.23,9.23M,-1.91%,Energy,Saudi Aramco,"Oil, Gas & Consumable Fuels"
"Feb 23, 2020",2222,30.95,30.73,31.05,30.45,12.50M,1.18%,Energy,Saudi Aramco,"Oil, Gas & Consumable Fuels"
"Feb 20, 2020",2222,30.59,30.36,30.64,30.27,7.90M,0.76%,Energy,Saudi Aramco,"Oil, Gas & Consumable Fuels"
"Feb 19, 2020",2222,30.36,30.18,30.36,30.14,5.36M,0.60%,Energy,Saudi Aramco,"Oil, Gas & Consumable Fuels"
"Feb 18, 2020",2222,30.18,30.05,30.27,29.91,5.91M,0.30%,Energy,Saudi Aramco,"Oil, Gas & Consumable Fuels"
"Feb 17, 2020",2222,30.09,29.82,30.18,29.77,8.62M,0.91%,Energy,Saudi Aramco,"Oil, Gas & Consumable Fuels"
"Feb 16, 2020",2222,29.82,30.00,30.05,29.82,6.39M,-0.90%,Energy,Saudi Aramco,"Oil, Gas & Consumable Fuels"
"Feb 13, 2020",2222,30.09,30.18,30.27,29.64,16.99M,-0.30%,Energy,Saudi Aramco,"Oil, Gas & Consumable Fuels"
"Feb 12, 2020",2222,30.18,30.36,30.41,30.14,6.55M,-0.76%,Energy,Saudi Aramco,"Oil, Gas & Consumable Fuels"
"Feb 11, 2020",2222,30.41,30.50,30.59,30.32,4.66M,-0.46%,Energy,Saudi Aramco,"Oil, Gas & Consumable Fuels"
"Feb 10, 2020",2222,30.55,30.86,30.86,30.50,6.85M,-1.29%,Energy,Saudi Aramco,"Oil, Gas & Consumable Fuels"
"Feb 09, 2020",2222,30.95,30.32,30.95,29.82,19.48M,1.94%,Energy,Saudi Aramco,"Oil, Gas & Consumable Fuels"
"Feb 06, 2020",2222,30.36,30.59,30.68,30.27,10.56M,-0.75%,Energy,Saudi Aramco,"Oil, Gas & Consumable Fuels"
"Feb 05, 2020",2222,30.59,30.73,30.86,30.55,10.06M,-0.58%,Energy,Saudi Aramco,"Oil, Gas & Consumable Fuels"
"Feb 04, 2020",2222,30.77,30.82,30.91,30.68,8.28M,-0.29%,Energy,Saudi Aramco,"Oil, Gas & Consumable Fuels"
"Feb 03, 2020",2222,30.86,30.77,30.91,30.73,9.15M,0.00%,Energy,Saudi Aramco,"Oil, Gas & Consumable Fuels"
"Feb 02, 2020",2222,30.86,31.00,31.00,30.77,12.72M,-0.61%,Energy,Saudi Aramco,"Oil, Gas & Consumable Fuels"
"Jan 30, 2020",2222,31.05,31.27,31.27,31.05,6.26M,-0.70%,Energy,Saudi Aramco,"Oil, Gas & Consumable Fuels"
"Jan 29, 2020",2222,31.27,31.00,31.27,30.95,9.78M,0.42%,Energy,Saudi Aramco,"Oil, Gas & Consumable Fuels"
"Jan 28, 2020",2222,31.14,31.09,31.14,30.95,8.01M,0.00%,Energy,Saudi Aramco,"Oil, Gas & Consumable Fuels"
"Jan 27, 2020",2222,31.14,31.14,31.14,30.95,7.96M,-0.13%,Energy,Saudi Aramco,"Oil, Gas & Consumable Fuels"
"Jan 26, 2020",2222,31.18,31.09,31.23,30.95,8.42M,-0.45%,Energy,Saudi Aramco,"Oil, Gas & Consumable Fuels"
"Jan 23, 2020",2222,31.32,31.27,31.32,31.14,6.54M,0.00%,Energy,Saudi Aramco,"Oil, Gas & Consumable Fuels"
"Jan 22, 2020",2222,31.32,31.32,31.36,31.23,5.65M,-0.29%,Energy,Saudi Aramco,"Oil, Gas & Consumable Fuels"
"Jan 21, 2020",2222,31.41,31.36,31.45,31.23,7.74M,-0.13%,Energy,Saudi Aramco,"Oil, Gas & Consumable Fuels"
"Jan 20, 2020",2222,31.45,31.18,31.45,31.09,7.96M,0.70%,Energy,Saudi Aramco,"Oil, Gas & Consumable Fuels"
"Jan 19, 2020",2222,31.23,31.45,31.45,31.14,12.05M,-0.70%,Energy,Saudi Aramco,"Oil, Gas & Consumable Fuels"
"Jan 16, 2020",2222,31.45,31.55,31.55,31.36,10.48M,-0.32%,Energy,Saudi Aramco,"Oil, Gas & Consumable Fuels"
"Jan 15, 2020",2222,31.55,31.64,31.64,31.45,11.81M,-0.41%,Energy,Saudi Aramco,"Oil, Gas & Consumable Fuels"
"Jan 14, 2020",2222,31.68,31.59,31.68,31.27,11.34M,0.28%,Energy,Saudi Aramco,"Oil, Gas & Consumable Fuels"
"Jan 13, 2020",2222,31.59,31.64,31.82,31.55,15.43M,-0.16%,Energy,Saudi Aramco,"Oil, Gas & Consumable Fuels"
"Jan 12, 2020",2222,31.64,31.82,31.95,31.41,22.35M,-0.57%,Energy,Saudi Aramco,"Oil, Gas & Consumable Fuels"
"Jan 09, 2020",2222,31.82,31.23,31.86,31.18,28.46M,2.35%,Energy,Saudi Aramco,"Oil, Gas & Consumable Fuels"
"Jan 08, 2020",2222,31.09,30.91,31.09,30.91,20.14M,-0.45%,Energy,Saudi Aramco,"Oil, Gas & Consumable Fuels"
"Jan 07, 2020",2222,31.23,31.32,31.41,31.05,12.66M,-0.41%,Energy,Saudi Aramco,"Oil, Gas & Consumable Fuels"
"Jan 06, 2020",2222,31.36,31.36,31.41,30.95,21.27M,-0.16%,Energy,Saudi Aramco,"Oil, Gas & Consumable Fuels"
"Jan 05, 2020",2222,31.41,31.82,31.82,31.36,22.94M,-1.69%,Energy,Saudi Aramco,"Oil, Gas & Consumable Fuels"
"Jan 02, 2020",2222,31.95,31.91,32.05,31.86,10.39M,0.13%,Energy,Saudi Aramco,"Oil, Gas & Consumable Fuels"
"Jan 01, 2020",2222,31.91,32.05,32.05,31.86,7.74M,-0.44%,Energy,Saudi Aramco,"Oil, Gas & Consumable Fuels"
"Dec 31, 2019",2222,32.05,31.95,32.05,31.86,14.85M,0.31%,Energy,Saudi Aramco,"Oil, Gas & Consumable Fuels"
"Dec 30, 2019",2222,31.95,32.18,32.23,31.95,11.95M,-0.71%,Energy,Saudi Aramco,"Oil, Gas & Consumable Fuels"
"Dec 29, 2019",2222,32.18,32.09,32.45,32.09,20.88M,0.12%,Energy,Saudi Aramco,"Oil, Gas & Consumable Fuels"
"Dec 26, 2019",2222,32.14,31.95,32.14,31.86,12.60M,0.44%,Energy,Saudi Aramco,"Oil, Gas & Consumable Fuels"
"Dec 25, 2019",2222,32.00,32.18,32.18,31.91,12.34M,-0.56%,Energy,Saudi Aramco,"Oil, Gas & Consumable Fuels"
"Dec 24, 2019",2222,32.18,32.41,32.45,32.09,20.17M,-0.56%,Energy,Saudi Aramco,"Oil, Gas & Consumable Fuels"
"Dec 23, 2019",2222,32.36,32.09,32.41,32.05,31.91M,0.84%,Energy,Saudi Aramco,"Oil, Gas & Consumable Fuels"
"Dec 22, 2019",2222,32.09,32.36,32.45,31.73,36.10M,-0.56%,Energy,Saudi Aramco,"Oil, Gas & Consumable Fuels"
"Dec 19, 2019",2222,32.27,33.36,33.41,32.27,98.29M,-3.27%,Energy,Saudi Aramco,"Oil, Gas & Consumable Fuels"
"Dec 18, 2019",2222,33.36,34.09,34.18,33.36,76.20M,-2.80%,Energy,Saudi Aramco,"Oil, Gas & Consumable Fuels"
"Dec 17, 2019",2222,34.32,34.59,34.68,34.09,129.70M,-0.67%,Energy,Saudi Aramco,"Oil, Gas & Consumable Fuels"
"Dec 16, 2019",2222,34.55,34.09,34.64,34.09,96.34M,1.62%,Energy,Saudi Aramco,"Oil, Gas & Consumable Fuels"
"Dec 15, 2019",2222,34.00,33.73,34.09,33.45,89.41M,1.64%,Energy,Saudi Aramco,"Oil, Gas & Consumable Fuels"
"Dec 12, 2019",2222,33.45,35.18,35.18,32.73,459.72M,4.53%,Energy,Saudi Aramco,"Oil, Gas & Consumable Fuels"